year,price,engine_volume_l,engine_power_hp,mileage_km,evaluation,fuel_type_бензин,fuel_type_дизель,transmission_автомат,transmission_механика,transmission_робот,drivetrain_4WD,drivetrain_передний
0.6363636363636402,0.4202672605790646,0.18181818181818177,0.4285714285714285,0.1719834396687934,нормальная цена,1,0,0,0,1,0,1
0.45454545454545325,0.26614699331848557,0.18181818181818177,0.26857142857142857,0.2866817336346727,высокая цена,1,0,1,0,0,0,1
0.2727272727272805,0.1959910913140312,0.2727272727272727,0.37142857142857144,0.5599911998239965,нормальная цена,0,1,0,0,1,0,1
0.5,0.3452115812917595,0.18181818181818177,0.26857142857142857,0.373987479749595,нормальная цена,1,0,0,0,1,0,1
0.36363636363635976,0.1400890868596882,0.18181818181818177,0.26857142857142857,0.5856177123542471,хорошая цена,1,0,0,0,1,0,1
0.7272727272727337,0.4093541202672606,0.18181818181818177,0.4285714285714285,0.2959859197183944,нормальная цена,1,0,0,0,1,0,1
0.45454545454545325,0.23830734966592432,0.18181818181818177,0.26857142857142857,0.499989999799996,нормальная цена,1,0,1,0,0,0,1
0.45454545454545325,0.23830734966592432,0.18181818181818177,0.26857142857142857,0.499989999799996,нормальная цена,1,0,1,0,0,0,1
0.8636363636363598,0.6926503340757239,0.0,0.2571428571428571,0.056359127182543656,нормальная цена,1,0,0,0,1,0,1
0.681818181818187,0.3783964365256125,0.0,0.2571428571428571,0.2599851997039941,хорошая цена,1,0,0,0,1,0,1
0.45454545454545325,0.289532293986637,0.18181818181818177,0.26857142857142857,0.42080241604832097,высокая цена,1,0,1,0,0,0,1
0.681818181818187,0.47884187082405344,0.0,0.2571428571428571,0.16980139602792058,нормальная цена,1,0,0,0,1,0,1
0.18181818181818699,0.13340757238307352,0.18181818181818177,0.2571428571428571,0.49520590411808235,нормальная цена,1,0,1,0,0,0,1
0.681818181818187,0.4610244988864143,0.0,0.2571428571428571,0.274817496349927,нормальная цена,1,0,0,0,1,0,1
0.45454545454545325,0.5902004454342984,0.2727272727272727,0.20000000000000007,0.10798215964319285,нормальная цена,0,1,0,0,1,0,1
0.681818181818187,0.41202672605790647,0.0,0.2571428571428571,0.3199863997279946,нормальная цена,1,0,0,0,1,0,1
0.4090909090909065,0.2115812917594655,0.18181818181818177,0.26857142857142857,0.1999839996799936,хорошая цена,1,0,0,0,1,0,1
0.3181818181818272,0.22271714922049,0.18181818181818177,0.3142857142857143,0.41998839976799535,нормальная цена,1,0,0,0,1,0,1
0.5,0.2893095768374165,0.18181818181818177,0.26857142857142857,0.5017640352807056,нормальная цена,1,0,1,0,0,0,1
0.7727272727272805,0.33407550111358575,0.0,0.2571428571428571,0.12398247964959298,нормальная цена,1,0,0,0,1,0,1
0.5454545454545467,0.311804008908686,0.18181818181818177,0.26857142857142857,0.3899877997559951,нормальная цена,1,0,0,0,1,0,1
0.7727272727272805,0.5434298440979956,0.0,0.2571428571428571,0.13951079021580431,нормальная цена,1,0,0,0,1,0,1
0.45454545454545325,0.21102449888641428,0.18181818181818177,0.26857142857142857,0.6999939998799976,нормальная цена,1,0,1,0,0,0,1
0.4090909090909065,0.21581291759465482,0.2727272727272727,0.20000000000000007,0.47598951979039583,нормальная цена,0,1,0,0,1,0,1
0.681818181818187,0.48329621380846327,0.18181818181818177,0.4285714285714285,0.24078881577631553,нормальная цена,1,0,0,0,1,0,1
0.45454545454545325,0.1380846325167038,0.18181818181818177,0.26857142857142857,0.7999959999199984,нормальная цена,1,0,1,0,0,0,1
0.45454545454545325,0.35634743875278396,0.9999999999999999,0.8857142857142858,0.49098981979639594,нормальная цена,1,0,0,0,1,1,0
0.7272727272727337,0.4810690423162584,0.18181818181818177,0.4285714285714285,0.2619852397047941,нормальная цена,1,0,0,0,1,0,1
0.5,0.2358574610244989,0.18181818181818177,0.26857142857142857,0.41998839976799535,нормальная цена,1,0,0,0,1,0,1
0.4090909090909065,0.3073496659242762,0.2727272727272727,0.20000000000000007,0.369987399747995,высокая цена,0,1,0,0,1,0,1
0.5,0.27839643652561247,0.18181818181818177,0.3142857142857143,0.5979919598391967,нормальная цена,1,0,1,0,0,0,1
0.8181818181818272,0.7280623608017818,0.2727272727272727,0.48571428571428565,0.0999819996399928,нормальная цена,1,0,0,0,1,0,1
0.5,0.29799554565701564,0.18181818181818177,0.26857142857142857,0.2543510870217404,нормальная цена,1,0,0,0,1,0,1
0.7727272727272805,0.5200445434298441,0.0,0.2571428571428571,0.19368787375747515,нормальная цена,1,0,0,0,1,0,1
0.7727272727272805,0.7438752783964365,0.2727272727272727,0.48571428571428565,0.05798115962319247,нормальная цена,1,0,0,0,1,0,1
0.36363636363635976,0.2516703786191537,0.18181818181818177,0.26857142857142857,0.44418888377767557,нормальная цена,1,0,0,0,1,0,1
0.4090909090909065,0.2717149220489978,0.18181818181818177,0.26857142857142857,0.3997879957599152,высокая цена,1,0,1,0,0,0,1
0.4090909090909065,0.21135857461024501,0.18181818181818177,0.26857142857142857,0.3659873197463949,нормальная цена,1,0,1,0,0,0,1
0.5,0.3338530066815145,0.18181818181818177,0.26857142857142857,0.6393567871357426,нормальная цена,1,0,1,0,0,0,1
0.45454545454545325,0.2561247216035635,0.2727272727272727,0.5428571428571428,0.375987519750395,нормальная цена,1,0,0,0,1,0,1
0.36363636363635976,0.178173719376392,0.18181818181818177,0.26857142857142857,0.4499889997799956,хорошая цена,1,0,0,0,1,0,1
0.8636363636363598,0.6120267260579064,0.0,0.2571428571428571,0.1639832796655933,нормальная цена,1,0,0,0,1,0,1
1.0,1.0,0.2727272727272727,0.46285714285714297,0.0,нормальная цена,1,0,0,0,1,0,1
0.5,0.2984409799554566,0.18181818181818177,0.26857142857142857,0.3669873397467949,нормальная цена,1,0,1,0,0,0,1
0.681818181818187,0.32271714922049,0.0,0.2571428571428571,0.31959239184783694,хорошая цена,1,0,0,0,1,0,1
0.681818181818187,0.44543429844098,0.2727272727272727,0.48571428571428565,0.3599871997439949,нормальная цена,0,1,0,0,1,0,1
0.8636363636363598,0.6229398663697104,0.0,0.2571428571428571,0.16462329246584934,нормальная цена,1,0,0,0,1,0,1
0.36363636363635976,0.33407572383073497,0.18181818181818177,0.26857142857142857,0.4640432808656173,высокая цена,1,0,0,0,1,0,1
0.45454545454545325,0.0,0.2727272727272727,0.20000000000000007,0.23998479969599393,нормальная цена,0,1,0,0,1,0,1
0.6363636363636402,0.4209354120267261,0.2727272727272727,1.0,0.32918458369167386,нормальная цена,1,0,0,0,1,1,0
0.5,0.3763919821826281,0.18181818181818177,0.26857142857142857,0.08998179963599272,нормальная цена,1,0,0,0,1,0,1
0.5909090909090935,0.2906458797327394,0.18181818181818177,0.26857142857142857,0.36715334306686137,нормальная цена,1,0,0,0,1,0,1
0.7727272727272805,0.6013363028953229,0.0,0.2571428571428571,0.06775335506710134,нормальная цена,1,0,0,0,1,0,1
0.36363636363635976,0.2561247216035635,0.18181818181818177,0.3142857142857143,0.6999939998799976,высокая цена,1,0,0,0,1,0,1
0.36363636363635976,0.23385300668151449,0.18181818181818177,0.26857142857142857,0.3859877197543951,нормальная цена,1,0,0,0,1,0,1
0.6363636363636402,0.5790645879732739,0.18181818181818177,0.4285714285714285,0.17998359967199345,высокая цена,1,0,0,0,1,0,1
0.8636363636363598,0.5679287305122495,0.0,0.2571428571428571,0.08198163963279265,нормальная цена,1,0,0,0,1,0,1
0.45454545454545325,0.24432071269487754,0.18181818181818177,0.26857142857142857,0.3959879197583952,нормальная цена,1,0,1,0,0,0,1
0.8181818181818272,0.7115812917594655,0.0,0.2571428571428571,0.15852917058341168,нормальная цена,1,0,0,0,1,0,1
0.13636363636364024,0.0712694877505568,0.6363636363636364,0.5028571428571428,0.4099881997639953,хорошая цена,1,0,1,0,0,0,1
0.4090909090909065,0.25033407572383076,0.22727272727272718,0.0,0.4599891997839957,нормальная цена,0,1,0,1,0,0,1
0.2727272727272805,0.1848552338530067,0.18181818181818177,0.2571428571428571,0.2899857997159943,нормальная цена,1,0,1,0,0,0,1
0.7272727272727337,0.44209354120267264,0.18181818181818177,0.4285714285714285,0.20634412688253767,нормальная цена,1,0,0,0,1,0,1
0.8181818181818272,0.7695322939866369,0.2727272727272727,0.48571428571428565,0.07197343946878937,нормальная цена,1,0,0,0,1,0,1
0.45454545454545325,0.2291759465478842,0.18181818181818177,0.26857142857142857,0.3459869197383948,нормальная цена,1,0,1,0,0,0,1
0.7272727272727337,0.3986636971046771,0.0,0.2571428571428571,0.3099861997239945,нормальная цена,1,0,0,0,1,0,1
0.7272727272727337,0.44320712694877507,0.18181818181818177,0.4285714285714285,0.15598311966239325,отличная цена,1,0,0,0,1,0,1
0.9090909090909065,0.679064587973274,0.0,0.2571428571428571,0.024376487529750593,нормальная цена,1,0,0,0,1,0,1
0.36363636363635976,0.19109131403118043,0.18181818181818177,0.26857142857142857,0.41936038720774416,нормальная цена,1,0,1,0,0,0,1
0.5454545454545467,0.199260579064588,0.18181818181818177,0.26857142857142857,0.4419908398167963,хорошая цена,1,0,0,0,1,0,1
0.45454545454545325,0.27839643652561247,0.18181818181818177,0.26857142857142857,0.45198903978079563,нормальная цена,1,0,1,0,0,0,1
0.5,0.2115812917594655,0.18181818181818177,0.26857142857142857,0.5039900798015959,хорошая цена,1,0,0,0,1,0,1
0.7272727272727337,0.27839643652561247,0.0,0.2571428571428571,0.2999859997199944,хорошая цена,1,0,0,1,0,0,1
0.7272727272727337,0.48997772828507796,0.0,0.2571428571428571,0.2607852157043141,нормальная цена,1,0,0,0,1,0,1
0.2727272727272805,0.1737193763919822,0.18181818181818177,0.2571428571428571,0.505990119802396,нормальная цена,1,0,1,0,0,0,1
0.45454545454545325,0.2984409799554566,0.18181818181818177,0.26857142857142857,0.5099901998039961,высокая цена,1,0,1,0,0,0,1
0.4090909090909065,0.21135857461024501,0.18181818181818177,0.26857142857142857,0.3855257105142103,нормальная цена,1,0,1,0,0,0,1
0.7272727272727337,0.5089086859688196,0.18181818181818177,0.4285714285714285,0.3199863997279946,нормальная цена,1,0,0,0,1,0,1
0.0,0.0779510022271715,0.18181818181818177,0.2571428571428571,0.7799955999119982,нормальная цена,1,0,0,1,0,0,1
0.45454545454545325,0.3229398663697105,0.18181818181818177,0.26857142857142857,0.4599891997839957,нормальная цена,1,0,1,0,0,0,1
0.7272727272727337,0.5120267260579064,0.18181818181818177,0.4285714285714285,0.3557731154623093,нормальная цена,1,0,0,0,1,0,1
0.5454545454545467,0.289532293986637,0.18181818181818177,0.26857142857142857,0.3119862397247945,нормальная цена,1,0,0,0,1,0,1
0.2727272727272805,0.26481069042316263,0.18181818181818177,0.3142857142857143,0.4250045000900018,высокая цена,1,0,0,1,0,0,1
0.8181818181818272,0.5389755011135857,0.09090909090909094,0.08571428571428574,0.43998879977599553,нормальная цена,0,1,0,0,1,0,1
0.681818181818187,0.46547884187082406,0.0,0.2571428571428571,0.2375147502950059,нормальная цена,1,0,0,0,1,0,1
0.45454545454545325,0.2516703786191537,0.18181818181818177,0.26857142857142857,0.47998959979199585,нормальная цена,1,0,1,0,0,0,1
0.5454545454545467,0.18262806236080179,0.18181818181818177,0.26857142857142857,0.30603812076241527,нормальная цена,1,0,0,0,1,0,1
0.7272727272727337,0.5489977728285078,0.0,0.2571428571428571,0.06871937438748775,нормальная цена,1,0,0,0,1,0,1
0.681818181818187,0.4944320712694878,0.0,0.2571428571428571,0.19316386327726556,нормальная цена,1,0,0,0,1,0,1
0.5454545454545467,0.27839643652561247,0.18181818181818177,0.26857142857142857,0.5159903198063961,нормальная цена,1,0,0,0,1,0,1
0.7727272727272805,0.6224944320712694,0.2727272727272727,0.48571428571428565,0.11549230984619692,нормальная цена,0,1,0,0,1,0,1
0.7272727272727337,0.400890868596882,0.2727272727272727,0.6571428571428571,0.27998559971199427,хорошая цена,1,0,0,0,1,0,1
0.7272727272727337,0.5902004454342984,0.0,0.2571428571428571,0.18998379967599352,нормальная цена,1,0,0,0,1,0,1
0.4090909090909065,0.14454342984409801,0.2727272727272727,0.20000000000000007,0.6399927998559971,нормальная цена,0,1,0,0,1,0,1
0.8636363636363598,0.7347438752783965,0.2727272727272727,0.48571428571428565,0.07054941098821976,нормальная цена,1,0,0,0,1,0,1
0.36363636363635976,0.1893095768374165,0.18181818181818177,0.26857142857142857,0.3979879597591952,нормальная цена,1,0,0,0,1,0,1
0.7727272727272805,0.4884187082405345,0.18181818181818177,0.4285714285714285,0.2836556731134623,нормальная цена,1,0,0,0,1,0,1
0.18181818181818699,0.17706013363028955,0.18181818181818177,0.2571428571428571,0.41998839976799535,нормальная цена,1,0,0,1,0,0,1
0.09090909090909349,0.11135857461024501,0.18181818181818177,0.2571428571428571,0.46598931978639574,нормальная цена,1,0,0,1,0,0,1
0.2727272727272805,0.2093541202672606,0.18181818181818177,0.3142857142857143,0.5139902798055961,нормальная цена,1,0,0,1,0,0,1
0.5909090909090935,0.44543429844098,0.18181818181818177,0.4285714285714285,0.28396367927358546,нормальная цена,1,0,0,0,1,0,1
0.5454545454545467,0.2739420935412027,0.18181818181818177,0.26857142857142857,0.37998759975199503,нормальная цена,1,0,0,0,1,0,1
0.18181818181818699,0.0532293986636971,0.18181818181818177,0.2571428571428571,0.41998839976799535,нормальная цена,1,0,1,0,0,0,1
0.09090909090909349,0.0623608017817372,0.18181818181818177,0.2571428571428571,0.44213484269685394,нормальная цена,1,0,1,0,0,0,1
0.681818181818187,0.3674832962138085,0.18181818181818177,0.4285714285714285,0.3999879997599952,нормальная цена,1,0,0,0,1,0,1
0.5,0.200445434298441,0.18181818181818177,0.26857142857142857,0.48798975979519593,хорошая цена,1,0,0,0,1,0,1
0.22727272727273373,0.1224944320712695,0.18181818181818177,0.2571428571428571,0.6919938398767975,нормальная цена,1,0,1,0,0,0,1
0.8636363636363598,0.5679287305122495,0.0,0.2571428571428571,0.10798215964319285,нормальная цена,1,0,0,0,1,0,1
0.7727272727272805,0.5289532293986636,0.0,0.2571428571428571,0.10596811936238724,нормальная цена,1,0,0,0,1,0,1
0.18181818181818699,0.09779487750556792,0.18181818181818177,0.2571428571428571,0.41998839976799535,нормальная цена,1,0,0,1,0,0,1
0.8636363636363598,0.6770601336302895,0.0,0.2571428571428571,0.09817996359927197,нормальная цена,1,0,0,0,1,0,1
0.7272727272727337,0.37193763919821826,0.0,0.2571428571428571,0.28066161323226463,хорошая цена,1,0,0,0,1,0,1
0.681818181818187,0.47884187082405344,0.0,0.2571428571428571,0.15170103402068041,нормальная цена,1,0,0,0,1,0,1
0.36363636363635976,0.311804008908686,0.18181818181818177,0.26857142857142857,0.4479889597791956,нормальная цена,1,0,0,0,1,0,1
0.7272727272727337,0.42204899777282856,0.0,0.2571428571428571,0.30193203864077284,нормальная цена,1,0,0,0,1,0,1
0.6363636363636402,0.3561247216035635,0.0,0.2571428571428571,0.3099861997239945,нормальная цена,1,0,0,0,1,0,1
0.7272727272727337,0.49665924276169265,0.0,0.2571428571428571,0.24119482389647795,нормальная цена,1,0,0,0,1,0,1
0.5,0.289532293986637,0.18181818181818177,0.26857142857142857,0.3599871997439949,нормальная цена,1,0,0,0,1,0,1
0.09090909090909349,0.07349665924276169,0.18181818181818177,0.2571428571428571,0.6674013480269605,нормальная цена,1,0,1,0,0,0,1
0.681818181818187,0.4844097995545657,0.0,0.2571428571428571,0.19664193283865677,нормальная цена,1,0,0,0,1,0,1
0.45454545454545325,0.2670378619153675,0.2727272727272727,0.20000000000000007,0.448714974299486,нормальная цена,0,1,0,0,1,0,1
0.7272727272727337,0.4988864142538976,0.0,0.2571428571428571,0.10595011900238005,нормальная цена,1,0,0,0,1,0,1
0.5,0.3674832962138085,0.18181818181818177,0.26857142857142857,0.3459869197383948,нормальная цена,1,0,0,0,1,0,1
0.5,0.2873051224944321,0.18181818181818177,0.26857142857142857,0.5039900798015959,нормальная цена,1,0,0,0,1,0,1
0.7727272727272805,0.5699331848552338,0.0,0.2571428571428571,0.08900578011560231,нормальная цена,1,0,0,0,1,0,1
0.7727272727272805,0.5902004454342984,0.0,0.2571428571428571,0.10752415048300966,нормальная цена,1,0,0,0,1,0,1
0.36363636363635976,0.2115812917594655,0.18181818181818177,0.26857142857142857,0.2719854397087942,нормальная цена,1,0,0,1,0,0,1
0.5454545454545467,0.2516703786191537,0.18181818181818177,0.26857142857142857,0.48083961679233583,нормальная цена,1,0,0,0,1,0,1
0.45454545454545325,0.2046770601336303,0.18181818181818177,0.26857142857142857,0.6479929598591971,нормальная цена,1,0,1,0,0,0,1
0.2727272727272805,0.1514476614699332,0.18181818181818177,0.3142857142857143,0.42998859977199544,хорошая цена,1,0,0,1,0,0,1
0.7727272727272805,0.47884187082405344,0.0,0.2571428571428571,0.16873337466749336,нормальная цена,1,0,0,0,1,0,1
0.45454545454545325,0.2670378619153675,0.2727272727272727,0.20000000000000007,0.448714974299486,нормальная цена,0,1,0,0,1,0,1
0.7272727272727337,0.5412026726057906,0.2727272727272727,0.48571428571428565,0.5720354407088142,нормальная цена,0,1,0,0,1,1,0
0.45454545454545325,0.2873051224944321,0.2727272727272727,0.20000000000000007,0.5459909198183963,нормальная цена,0,1,0,0,1,0,1
0.4090909090909065,0.378619153674833,0.2727272727272727,0.5428571428571428,0.41998839976799535,высокая цена,1,0,0,0,1,0,1
0.5909090909090935,0.35077951002227176,0.18181818181818177,0.4285714285714285,0.48998979979599594,нормальная цена,1,0,0,0,1,0,1
0.36363636363635976,0.22271714922049,0.18181818181818177,0.26857142857142857,0.4203064061281226,нормальная цена,1,0,0,0,1,0,1
0.6363636363636402,0.3538975501113586,0.0,0.2571428571428571,0.24091481829636593,хорошая цена,1,0,0,0,1,0,1
0.5,0.2583518930957684,0.18181818181818177,0.26857142857142857,0.4019880397607952,нормальная цена,1,0,0,0,1,0,1
0.6363636363636402,0.38084632516703787,0.0,0.2571428571428571,0.37998759975199503,нормальная цена,1,0,0,0,1,0,1
0.5909090909090935,0.3541202672605791,0.18181818181818177,0.4285714285714285,0.4358147162943259,нормальная цена,1,0,0,0,1,0,1
0.4090909090909065,0.2224944320712695,0.18181818181818177,0.26857142857142857,0.4599891997839957,нормальная цена,1,0,0,1,0,0,1
0.2727272727272805,0.244988864142539,0.18181818181818177,0.3142857142857143,0.3139862797255945,нормальная цена,1,0,0,0,1,0,1
0.7272727272727337,0.5258801781737193,0.18181818181818177,0.4285714285714285,0.1968239364787296,нормальная цена,1,0,0,0,1,0,1
0.36363636363635976,0.21563474387527842,0.18181818181818177,0.26857142857142857,0.40387607752155047,нормальная цена,1,0,0,0,1,0,1
0.7727272727272805,0.46770601336302897,0.18181818181818177,0.4285714285714285,0.1519830396607932,нормальная цена,1,0,0,0,1,0,1
0.7727272727272805,0.8351893095768375,0.2727272727272727,0.48571428571428565,0.21598431968639373,высокая цена,0,1,0,0,1,0,1
0.45454545454545325,0.29398663697104677,0.2727272727272727,0.20000000000000007,0.7799955999119982,нормальная цена,0,1,0,0,1,0,1
0.5,0.22160356347438753,0.18181818181818177,0.26857142857142857,0.42692453849076983,хорошая цена,1,0,1,0,0,0,1
0.7272727272727337,0.5345211581291759,0.18181818181818177,0.4285714285714285,0.23998479969599393,нормальная цена,1,0,0,0,1,0,1
0.7727272727272805,0.434075723830735,0.09090909090909094,0.08571428571428574,0.3699833996679934,нормальная цена,0,1,1,0,0,0,1
0.3181818181818272,0.1447661469933185,0.18181818181818177,0.3142857142857143,0.4259885197703954,нормальная цена,1,0,0,1,0,0,1
0.5,0.27839643652561247,0.18181818181818177,0.26857142857142857,0.23105062101242027,нормальная цена,1,0,1,0,0,0,1
0.0,0.08017817371937638,0.18181818181818177,0.2571428571428571,0.9399987999759994,нормальная цена,1,0,0,1,0,0,1
0.4090909090909065,0.27839643652561247,0.18181818181818177,0.26857142857142857,0.46398927978559573,нормальная цена,1,0,1,0,0,0,1
0.3181818181818272,0.244988864142539,0.18181818181818177,0.26857142857142857,0.5399907998159963,нормальная цена,1,0,0,0,1,0,1
0.45454545454545325,0.3229398663697105,0.2727272727272727,0.5428571428571428,0.22998459969199386,нормальная цена,1,0,0,0,1,0,1
0.7272727272727337,0.33407572383073497,0.18181818181818177,0.4285714285714285,0.7389947798955979,нормальная цена,1,0,0,0,1,0,1
0.8636363636363598,0.9799554565701558,0.2727272727272727,1.0,0.17998359967199345,нормальная цена,1,0,0,0,1,1,0
0.45454545454545325,0.1915367483296214,0.18181818181818177,0.26857142857142857,0.45798915978319565,нормальная цена,1,0,1,0,0,0,1
0.5454545454545467,0.35634743875278396,0.18181818181818177,0.26857142857142857,0.27998559971199427,нормальная цена,1,0,0,0,1,0,1
0.6363636363636402,0.4452115812917595,0.18181818181818177,0.4285714285714285,0.19978399567991362,нормальная цена,1,0,0,0,1,0,1
0.4090909090909065,0.2115812917594655,0.18181818181818177,0.26857142857142857,0.2999859997199944,нормальная цена,1,0,1,0,0,0,1
0.5,0.1870824053452116,0.18181818181818177,0.26857142857142857,0.4151743034860697,хорошая цена,1,0,1,0,0,0,1
0.7727272727272805,0.47438752783964366,0.0,0.2571428571428571,0.15352307046140923,хорошая цена,1,0,0,0,1,0,1
0.45454545454545325,0.311804008908686,0.18181818181818177,0.26857142857142857,0.2579851597031941,нормальная цена,1,0,1,0,0,0,1
0.7272727272727337,0.5120267260579064,0.18181818181818177,0.4285714285714285,0.18198363967279346,нормальная цена,1,0,0,0,1,0,1
0.4090909090909065,0.23496659242761697,0.18181818181818177,0.26857142857142857,0.3199863997279946,нормальная цена,1,0,0,0,1,0,1
0.36363636363635976,0.178173719376392,0.18181818181818177,0.26857142857142857,0.7299945998919978,нормальная цена,1,0,0,0,1,0,1
0.7727272727272805,0.47461024498886417,0.0,0.2571428571428571,0.17224144482889658,нормальная цена,1,0,0,0,1,0,1
0.36363636363635976,0.15256124721603564,0.18181818181818177,0.26857142857142857,0.6599931998639972,нормальная цена,1,0,0,0,1,0,1
0.36363636363635976,0.1643652561247216,0.18181818181818177,0.26857142857142857,0.4643892877857557,хорошая цена,1,0,0,0,1,0,1
0.7727272727272805,0.4398663697104677,0.0,0.2571428571428571,0.21671433428668574,нормальная цена,1,0,0,0,1,0,1
0.13636363636364024,0.0913140311804009,0.18181818181818177,0.2571428571428571,0.499989999799996,нормальная цена,1,0,1,0,0,0,1
0.5454545454545467,0.3151447661469933,0.2727272727272727,0.20000000000000007,0.7379947598951979,нормальная цена,0,1,0,0,1,0,1
0.45454545454545325,0.1959910913140312,0.18181818181818177,0.3142857142857143,0.3333866677333547,хорошая цена,1,0,0,1,0,0,1
0.7272727272727337,0.5122271714922049,0.18181818181818177,0.4285714285714285,0.23598471969439389,нормальная цена,1,0,0,0,1,0,1
0.7272727272727337,0.4632516703786192,0.18181818181818177,0.4285714285714285,0.1979839596791936,нормальная цена,1,0,0,0,1,0,1
0.5909090909090935,0.44543429844098,0.0,0.2571428571428571,0.3459869197383948,высокая цена,1,0,0,0,1,0,1
0.45454545454545325,0.2694855233853007,0.18181818181818177,0.26857142857142857,0.3459869197383948,нормальная цена,1,0,1,0,0,0,1
0.5454545454545467,0.2536748329621381,0.18181818181818177,0.26857142857142857,0.34310486209724195,хорошая цена,1,0,0,0,1,0,1
0.681818181818187,0.5011135857461024,0.18181818181818177,0.4285714285714285,0.44398887977759555,нормальная цена,1,0,0,0,1,0,1
0.4090909090909065,0.16703786191536749,0.18181818181818177,0.26857142857142857,0.37998759975199503,хорошая цена,1,0,0,0,1,0,1
0.45454545454545325,0.200445434298441,0.18181818181818177,0.26857142857142857,0.48998979979599594,хорошая цена,1,0,1,0,0,0,1
0.045454545454546746,0.0400890868596882,0.6363636363636364,0.5028571428571428,0.5999919998399967,нормальная цена,1,0,1,0,0,0,1
0.8636363636363598,0.6679287305122494,0.0,0.2571428571428571,0.039980799615992324,нормальная цена,1,0,0,0,1,0,1
0.45454545454545325,0.244988864142539,0.18181818181818177,0.26857142857142857,0.5555911118222364,нормальная цена,1,0,1,0,0,0,1
0.45454545454545325,0.22271714922049,0.18181818181818177,0.26857142857142857,0.4379887597751955,хорошая цена,1,0,1,0,0,0,1
0.45454545454545325,0.22271714922049,0.18181818181818177,0.26857142857142857,0.31719634392687857,нормальная цена,1,0,1,0,0,0,1
0.4090909090909065,0.267260579064588,0.18181818181818177,0.26857142857142857,0.44398887977759555,нормальная цена,1,0,0,0,1,0,1
0.7727272727272805,0.5957683741648107,0.0,0.2571428571428571,0.10938218764375288,нормальная цена,1,0,0,0,1,0,1
0.7272727272727337,0.5044543429844097,0.0,0.2571428571428571,0.13887077741554832,нормальная цена,1,0,0,0,1,0,1
0.045454545454546746,0.0824053452115813,0.6363636363636364,0.5028571428571428,0.5599911998239965,нормальная цена,1,0,1,0,0,0,1
0.4090909090909065,0.311804008908686,0.18181818181818177,0.26857142857142857,0.4099881997639953,нормальная цена,1,0,0,1,0,0,1
0.22727272727273373,0.1447661469933185,0.18181818181818177,0.2571428571428571,0.7271845436908738,нормальная цена,1,0,0,1,0,0,1
0.6363636363636402,0.5011135857461024,0.0,0.2571428571428571,0.21798435968719376,нормальная цена,1,0,0,0,1,0,1
0.7727272727272805,0.5289532293986636,0.0,0.2571428571428571,0.1994379887597752,нормальная цена,1,0,0,0,1,0,1
0.8181818181818272,0.6158129175946547,0.0,0.2571428571428571,0.17562751255025102,нормальная цена,1,0,0,0,1,0,1
0.8181818181818272,0.6993318485523385,0.2727272727272727,0.48571428571428565,0.13053061061221224,нормальная цена,1,0,0,0,1,0,1
0.5909090909090935,0.3897550111358575,0.2727272727272727,0.20000000000000007,0.3616272325446509,нормальная цена,0,1,0,0,1,0,1
0.18181818181818699,0.054565701559020054,0.18181818181818177,0.2571428571428571,0.6245944918898377,нормальная цена,1,0,0,1,0,0,1
0.45454545454545325,0.23385300668151449,0.18181818181818177,0.26857142857142857,0.581487629752595,нормальная цена,1,0,1,0,0,0,1
0.8636363636363598,0.7639198218262806,0.2727272727272727,0.48571428571428565,0.05870917418348367,нормальная цена,1,0,0,0,1,0,1
0.36363636363635976,0.1979955456570156,0.18181818181818177,0.26857142857142857,0.5459909198183963,нормальная цена,1,0,0,0,1,0,1
0.4090909090909065,0.19821826280623608,0.18181818181818177,0.26857142857142857,0.625992519850397,нормальная цена,1,0,0,1,0,0,1
0.3181818181818272,0.22271714922049,0.18181818181818177,0.26857142857142857,0.37998759975199503,нормальная цена,1,0,0,0,1,0,1
0.5454545454545467,0.16703786191536749,0.18181818181818177,0.26857142857142857,0.5599911998239965,хорошая цена,1,0,0,1,0,0,1
0.681818181818187,0.4899331848552339,0.18181818181818177,0.4285714285714285,0.16798335966719335,нормальная цена,1,0,0,0,1,0,1
0.5,0.3269487750556793,0.2727272727272727,0.5428571428571428,0.36759935198703975,нормальная цена,1,0,0,0,1,0,1
0.45454545454545325,0.18886414253897552,0.2727272727272727,0.5428571428571428,0.4905818116362327,хорошая цена,1,0,0,0,1,0,1
0.7727272727272805,0.5645879732739421,0.2727272727272727,0.6571428571428571,0.19469589391787837,нормальная цена,1,0,0,0,1,0,1
0.3181818181818272,0.2525612472160357,0.18181818181818177,0.26857142857142857,0.5010900218004359,высокая цена,1,0,0,0,1,0,1
0.681818181818187,0.48997772828507796,0.0,0.2571428571428571,0.2105362107242145,нормальная цена,1,0,0,0,1,0,1
0.7272727272727337,0.510022271714922,0.0,0.2571428571428571,0.23324066481329628,нормальная цена,1,0,0,0,1,0,1
0.45454545454545325,0.19309576837416484,0.18181818181818177,0.26857142857142857,0.4628652573051461,нормальная цена,1,0,1,0,0,0,1
0.4090909090909065,0.2893095768374165,0.18181818181818177,0.26857142857142857,0.39198783975679513,высокая цена,1,0,0,0,1,0,1
0.3181818181818272,0.24164810690423166,0.18181818181818177,0.26857142857142857,0.5719914398287965,нормальная цена,1,0,1,0,0,0,1
0.5454545454545467,0.33407572383073497,0.18181818181818177,0.26857142857142857,0.40398807976159523,нормальная цена,1,0,0,0,1,0,1
0.45454545454545325,0.21380846325167038,0.18181818181818177,0.26857142857142857,0.3039860797215944,хорошая цена,1,0,1,0,0,0,1
0.681818181818187,0.44543429844098,0.0,0.2571428571428571,0.09921798435968719,нормальная цена,1,0,0,0,1,0,1
0.5,0.267260579064588,0.18181818181818177,0.26857142857142857,0.3999879997599952,нормальная цена,1,0,1,0,0,0,1
0.13636363636364024,0.155902004454343,0.18181818181818177,0.2571428571428571,0.3888177763555271,высокая цена,1,0,0,1,0,0,1
0.4090909090909065,0.27839643652561247,0.18181818181818177,0.26857142857142857,0.47998959979199585,нормальная цена,1,0,0,0,1,0,1
0.4090909090909065,0.1893095768374165,0.2727272727272727,0.5428571428571428,0.4641072821456429,нормальная цена,1,0,0,0,1,0,1
0.7727272727272805,0.41759465478841873,0.0,0.2571428571428571,0.3599871997439949,нормальная цена,1,0,0,0,1,0,1
0.36363636363635976,0.1893095768374165,0.18181818181818177,0.26857142857142857,0.44598891977839555,хорошая цена,1,0,0,0,1,0,1
0.7272727272727337,0.5534521158129175,0.0,0.2571428571428571,0.10912618252365047,нормальная цена,1,0,0,0,1,0,1
0.13636363636364024,0.04432071269487751,0.18181818181818177,0.2571428571428571,0.5599911998239965,нормальная цена,1,0,1,0,0,0,1
0.3181818181818272,0.200445434298441,0.18181818181818177,0.26857142857142857,0.6059921198423968,нормальная цена,1,0,0,0,1,0,1
0.3181818181818272,0.17149198218262807,0.0,0.11428571428571432,0.5539910798215963,нормальная цена,1,0,0,1,0,0,1
0.5909090909090935,0.267260579064588,0.18181818181818177,0.26857142857142857,0.3613872277445549,нормальная цена,1,0,0,0,1,0,1
0.22727272727273373,0.08886414253897551,0.18181818181818177,0.2571428571428571,0.4499889997799956,хорошая цена,1,0,1,0,0,0,1
0.2727272727272805,0.16703786191536749,0.18181818181818177,0.26857142857142857,0.6399927998559971,нормальная цена,1,0,0,1,0,0,1
0.4090909090909065,0.1757238307349666,0.18181818181818177,0.26857142857142857,0.35288305766115324,нормальная цена,1,0,1,0,0,0,1
0.36363636363635976,0.1759465478841871,0.18181818181818177,0.26857142857142857,0.48798975979519593,хорошая цена,1,0,0,0,1,0,1
0.22727272727273373,0.10801781737193766,0.18181818181818177,0.2571428571428571,0.36798735974719493,нормальная цена,1,0,1,0,0,0,1
0.4090909090909065,0.16146993318485525,0.18181818181818177,0.26857142857142857,0.37823756475129505,отличная цена,1,0,0,0,1,0,1
0.7272727272727337,0.5189309576837416,0.18181818181818177,0.4285714285714285,0.23798475969519392,нормальная цена,1,0,0,0,1,0,1
0.6363636363636402,0.42873051224944325,0.18181818181818177,0.4285714285714285,0.224192483849677,нормальная цена,1,0,0,0,1,0,1
0.45454545454545325,0.23385300668151449,0.18181818181818177,0.26857142857142857,0.43198863977279545,нормальная цена,1,0,1,0,0,0,1
0.7727272727272805,0.5902004454342984,0.0,0.2571428571428571,0.08963579271585431,нормальная цена,1,0,0,0,1,0,1
1.0,0.7783964365256124,0.0,0.2571428571428571,8.600172003440068e-05,нормальная цена,1,0,0,0,1,0,1
0.681818181818187,0.532293986636971,0.2727272727272727,1.0,0.31803236064721296,нормальная цена,1,0,0,0,1,1,0
0.7727272727272805,0.5456570155902004,0.0,0.2571428571428571,0.15670513410268205,нормальная цена,1,0,0,0,1,0,1
0.4090909090909065,0.1224944320712695,0.18181818181818177,0.26857142857142857,0.5079901598031961,нормальная цена,1,0,0,0,1,0,1
0.6363636363636402,0.311804008908686,0.0,0.2571428571428571,0.3099861997239945,хорошая цена,1,0,0,0,1,0,1
1.0,0.7783964365256124,0.0,0.2571428571428571,4.0000800016000315e-05,нормальная цена,1,0,0,0,1,0,1
0.5909090909090935,0.2846325167037862,0.18181818181818177,0.26857142857142857,0.6604412088241765,нормальная цена,1,0,0,1,0,0,1
0.36363636363635976,0.1848552338530067,0.18181818181818177,0.26857142857142857,0.4099881997639953,нормальная цена,1,0,0,0,1,0,1
0.22727272727273373,0.1269487750556793,0.18181818181818177,0.2571428571428571,0.6049920998419968,нормальная цена,1,0,1,0,0,0,1
0.3181818181818272,0.1692650334075724,0.18181818181818177,0.26857142857142857,0.377987559751195,хорошая цена,1,0,0,0,1,0,1
0.5909090909090935,0.5345211581291759,0.2727272727272727,0.6571428571428571,0.23998479969599393,нормальная цена,1,0,0,0,1,0,1
0.8636363636363598,0.5788195991091314,0.2727272727272727,0.6571428571428571,0.29356587131742634,нормальная цена,1,0,0,0,1,0,1
0.22727272727273373,0.08886414253897551,0.18181818181818177,0.2571428571428571,0.4724214484289686,нормальная цена,1,0,1,0,0,0,1
0.681818181818187,0.6458795100222717,0.2727272727272727,1.0,0.3399867997359947,нормальная цена,1,0,0,0,1,1,0
0.5454545454545467,0.244988864142539,0.2727272727272727,0.5428571428571428,0.4556751135022701,нормальная цена,1,0,0,0,1,0,1
0.45454545454545325,0.3207126948775056,0.2727272727272727,0.20000000000000007,0.507190143802876,высокая цена,0,1,0,0,1,0,1
0.36363636363635976,0.244988864142539,0.18181818181818177,0.26857142857142857,0.43998879977599553,нормальная цена,1,0,0,0,1,0,1
0.4090909090909065,0.26225033407572385,0.18181818181818177,0.26857142857142857,0.2883857677153543,высокая цена,1,0,0,0,1,0,1
0.5,0.378619153674833,0.18181818181818177,0.26857142857142857,0.13101062021240426,нормальная цена,1,0,0,0,1,0,1
0.45454545454545325,0.24944320712694878,0.2727272727272727,0.5428571428571428,0.47657153143062864,нормальная цена,1,0,0,0,1,0,1
0.5,0.3229398663697105,0.2727272727272727,0.5428571428571428,0.6799935998719974,нормальная цена,1,0,0,0,1,0,1
0.2727272727272805,0.11135857461024501,0.18181818181818177,0.3142857142857143,0.47998959979199585,отличная цена,1,0,0,1,0,0,1
0.4090909090909065,0.2182628062360802,0.18181818181818177,0.26857142857142857,0.2959859197183944,нормальная цена,1,0,0,0,1,0,1
0.7727272727272805,0.4652561247216036,0.0,0.2571428571428571,0.12198243964879298,нормальная цена,1,0,0,0,1,0,1
0.45454545454545325,0.20044521158129178,0.18181818181818177,0.26857142857142857,0.40881017620352406,хорошая цена,1,0,1,0,0,0,1
0.7727272727272805,0.4877505567928731,0.18181818181818177,0.4285714285714285,0.2699853997079942,нормальная цена,1,0,0,0,1,0,1
0.6363636363636402,0.44543429844098,0.2727272727272727,0.6571428571428571,0.3377487549750995,нормальная цена,1,0,0,0,1,0,1
0.5454545454545467,0.26169265033407574,0.09090909090909094,0.0,0.5559911198223964,нормальная цена,0,1,0,1,0,0,1
0.36363636363635976,0.22271714922049,0.18181818181818177,0.26857142857142857,0.46398927978559573,нормальная цена,1,0,0,0,1,0,1
0.45454545454545325,0.22271714922049,0.18181818181818177,0.26857142857142857,0.3499869997399948,нормальная цена,1,0,1,0,0,0,1
0.4090909090909065,0.24944320712694878,0.18181818181818177,0.26857142857142857,0.20868417368347367,нормальная цена,1,0,0,0,1,0,1
0.681818181818187,0.267260579064588,0.18181818181818177,0.4285714285714285,0.7399947998959979,нормальная цена,1,0,0,0,1,0,1
0.8636363636363598,0.6011135857461024,0.2727272727272727,0.48571428571428565,0.22198443968879378,нормальная цена,1,0,0,0,1,0,1
0.6363636363636402,0.3986636971046771,0.18181818181818177,0.4285714285714285,0.35154703094061884,нормальная цена,1,0,0,1,0,0,1
0.18181818181818699,0.11135857461024501,0.18181818181818177,0.2571428571428571,0.45198903978079563,нормальная цена,1,0,1,0,0,0,1
0.4090909090909065,0.23385300668151449,0.18181818181818177,0.26857142857142857,0.3979879597591952,нормальная цена,1,0,1,0,0,0,1
0.7727272727272805,0.5501113585746102,0.0,0.2571428571428571,0.09140982819656393,нормальная цена,1,0,0,0,1,0,1
0.681818181818187,0.4565701559020045,0.0,0.2571428571428571,0.248384967699354,нормальная цена,1,0,0,0,1,0,1
0.681818181818187,0.6302895322939867,0.2727272727272727,0.6571428571428571,0.17950359007180144,нормальная цена,1,0,0,0,1,0,1
0.36363636363635976,0.2427616926503341,0.18181818181818177,0.26857142857142857,0.35598711974239483,нормальная цена,1,0,0,0,1,0,1
0.45454545454545325,0.2694877505567929,0.18181818181818177,0.26857142857142857,0.4599891997839957,нормальная цена,1,0,1,0,0,0,1
0.36363636363635976,0.1937639198218263,0.18181818181818177,0.26857142857142857,0.3859877197543951,нормальная цена,1,0,0,0,1,0,1
0.7272727272727337,0.43073496659242766,0.0,0.2571428571428571,0.2360587211744235,нормальная цена,1,0,0,0,1,0,1
0.7272727272727337,0.47884187082405344,0.0,0.2571428571428571,0.2999859997199944,нормальная цена,1,0,0,0,1,0,1
0.45454545454545325,0.2224944320712695,0.18181818181818177,0.26857142857142857,0.35658713174263484,нормальная цена,1,0,1,0,0,0,1
0.36363636363635976,0.18396436525612475,0.18181818181818177,0.26857142857142857,0.5094221884437689,нормальная цена,1,0,0,0,1,0,1
0.4090909090909065,0.26280623608017817,0.2727272727272727,0.20000000000000007,0.36585331706634133,нормальная цена,0,1,0,0,1,0,1
0.4090909090909065,0.20890868596881962,0.2727272727272727,0.20000000000000007,0.5799915998319966,нормальная цена,0,1,0,0,1,0,1
0.0,0.0935412026726058,0.4999999999999999,0.2857142857142857,0.5681093621872437,нормальная цена,0,1,1,0,0,0,1
0.5,0.27839643652561247,0.18181818181818177,0.26857142857142857,0.3539870797415948,нормальная цена,1,0,0,0,1,0,1
0.5,0.2603563474387528,0.18181818181818177,0.26857142857142857,0.36621932438648774,нормальная цена,1,0,1,0,0,0,1
0.45454545454545325,0.2933184855233853,0.2727272727272727,0.20000000000000007,0.20812616252325047,нормальная цена,0,1,0,0,1,0,1
0.8636363636363598,0.6859688195991092,0.0,0.2571428571428571,0.06895337906758135,нормальная цена,1,0,0,0,1,0,1
0.7272727272727337,0.44988864142538976,0.18181818181818177,0.4285714285714285,0.3057641152823057,нормальная цена,1,0,0,0,1,0,1
0.45454545454545325,0.22271714922049,0.18181818181818177,0.26857142857142857,0.4739414788295766,нормальная цена,1,0,1,0,0,0,1
0.5,0.3006681514476615,0.18181818181818177,0.26857142857142857,0.35598711974239483,нормальная цена,1,0,0,0,1,0,1
0.6363636363636402,0.3363028953229399,0.0,0.2571428571428571,0.46781135622712455,нормальная цена,1,0,0,0,1,0,1
0.681818181818187,0.3919821826280624,0.0,0.2571428571428571,0.2848136962739255,нормальная цена,1,0,0,0,1,0,1
0.22727272727273373,0.1224944320712695,0.18181818181818177,0.2571428571428571,0.49298985979719595,нормальная цена,1,0,1,0,0,0,1
0.5909090909090935,0.3006681514476615,0.09090909090909094,0.0,0.5111322226444528,нормальная цена,0,1,0,1,0,0,1
0.45454545454545325,0.19821826280623608,0.18181818181818177,0.3142857142857143,0.3860077201544031,нормальная цена,1,0,0,0,1,0,1
0.7272727272727337,0.5055679287305123,0.0,0.2571428571428571,0.41898837976759534,нормальная цена,1,0,0,0,1,0,1
0.8636363636363598,0.8351893095768375,0.2727272727272727,0.48571428571428565,0.16743134862697254,нормальная цена,1,0,0,0,1,0,1
0.5,0.27839643652561247,0.18181818181818177,0.26857142857142857,0.2709854197083942,нормальная цена,1,0,0,0,1,0,1
0.45454545454545325,0.2026726057906459,0.18181818181818177,0.26857142857142857,0.30799415988319767,хорошая цена,1,0,1,0,0,0,1
0.5,0.244988864142539,0.18181818181818177,0.26857142857142857,0.46998939978799575,нормальная цена,1,0,1,0,0,0,1
0.36363636363635976,0.2160356347438753,0.18181818181818177,0.26857142857142857,0.4359887197743955,нормальная цена,1,0,0,0,1,0,1
0.36363636363635976,0.2115812917594655,0.18181818181818177,0.26857142857142857,0.3862177243544871,нормальная цена,1,0,0,0,1,0,1
0.5909090909090935,0.37527839643652566,0.0,0.2571428571428571,0.2900038000760015,нормальная цена,1,0,0,0,1,0,1
0.3181818181818272,0.19821826280623608,0.18181818181818177,0.26857142857142857,0.3499869997399948,нормальная цена,1,0,1,0,0,0,1
0.36363636363635976,0.2115812917594655,0.18181818181818177,0.26857142857142857,0.4259885197703954,нормальная цена,1,0,0,0,1,0,1
0.5,0.3942093541202673,0.18181818181818177,0.26857142857142857,0.3259865197303946,нормальная цена,1,0,0,0,1,0,1
0.45454545454545325,0.2115812917594655,0.18181818181818177,0.26857142857142857,0.41998839976799535,нормальная цена,1,0,1,0,0,0,1
0.5,0.33407572383073497,0.18181818181818177,0.26857142857142857,0.3174923498469969,высокая цена,1,0,0,0,1,0,1
0.681818181818187,0.3942093541202673,0.0,0.2571428571428571,0.3532970659413188,нормальная цена,1,0,0,0,1,0,1
0.3181818181818272,0.17973273942093543,0.18181818181818177,0.26857142857142857,0.43218864377287547,нормальная цена,1,0,0,0,1,0,1
0.045454545454546746,0.10467706013363029,0.18181818181818177,0.2571428571428571,0.7126602532050641,нормальная цена,1,0,0,1,0,0,1
0.5454545454545467,0.34409799554565706,0.18181818181818177,0.26857142857142857,0.3299865997319946,нормальная цена,1,0,0,0,1,0,1
0.45454545454545325,0.2893095768374165,0.18181818181818177,0.26857142857142857,0.3239864797295946,нормальная цена,1,0,1,0,0,0,1
0.681818181818187,0.43318485523385303,0.18181818181818177,0.4285714285714285,0.3579871597431949,нормальная цена,1,0,0,0,1,0,1
0.5,0.22160356347438753,0.18181818181818177,0.26857142857142857,0.45198903978079563,хорошая цена,1,0,0,0,1,0,1
0.9090909090909065,0.7884187082405345,0.2727272727272727,0.48571428571428565,0.08682573651473029,нормальная цена,1,0,0,0,1,0,1
0.4090909090909065,0.1648106904231626,0.18181818181818177,0.26857142857142857,0.3239864797295946,нормальная цена,1,0,0,0,1,0,1
0.45454545454545325,0.19443207126948778,0.18181818181818177,0.26857142857142857,0.47101342026840537,хорошая цена,1,0,1,0,0,0,1
0.22727272727273373,0.11581291759465481,0.18181818181818177,0.2571428571428571,0.37561751235024704,нормальная цена,1,0,1,0,0,0,1
0.7272727272727337,0.46770601336302897,0.18181818181818177,0.4285714285714285,0.3105782115642313,нормальная цена,1,0,0,0,1,0,1
1.0,0.9465478841870824,0.2727272727272727,0.46285714285714297,0.0,нормальная цена,1,0,0,0,1,0,1
1.0,0.9465478841870824,0.2727272727272727,0.46285714285714297,0.0,нормальная цена,1,0,0,0,1,0,1
1.0,0.9688195991091314,0.2727272727272727,0.46285714285714297,0.0,нормальная цена,1,0,0,0,1,0,1
0.681818181818187,0.4944320712694878,0.18181818181818177,0.4285714285714285,0.2134342686853737,нормальная цена,1,0,0,0,1,0,1
0.36363636363635976,0.21380846325167038,0.18181818181818177,0.26857142857142857,0.35598711974239483,нормальная цена,1,0,0,0,1,0,1
0.45454545454545325,0.3273942093541203,0.2727272727272727,0.20000000000000007,0.2363847276945539,нормальная цена,0,1,0,0,1,0,1
0.5454545454545467,0.289532293986637,0.18181818181818177,0.26857142857142857,0.2959859197183944,нормальная цена,1,0,0,0,1,0,1
0.45454545454545325,0.33407572383073497,0.18181818181818177,0.26857142857142857,0.33963479269585395,высокая цена,1,0,1,0,0,0,1
0.5454545454545467,0.178173719376392,0.18181818181818177,0.26857142857142857,0.3149862997259945,нормальная цена,1,0,0,0,1,0,1
0.36363636363635976,0.267260579064588,0.18181818181818177,0.26857142857142857,0.43198863977279545,нормальная цена,1,0,0,0,1,0,1
0.7272727272727337,0.4452115812917595,0.0,0.2571428571428571,0.2750435008700174,нормальная цена,1,0,0,0,1,0,1
0.45454545454545325,0.3006681514476615,0.2727272727272727,0.20000000000000007,0.7699953999079981,высокая цена,0,1,0,0,1,0,1
0.9090909090909065,0.8797327394209354,0.2727272727272727,0.48571428571428565,0.05728514570291406,нормальная цена,1,0,0,0,1,0,1
0.6363636363636402,0.5434298440979956,0.18181818181818177,0.4285714285714285,0.20184203684073682,нормальная цена,1,0,0,0,1,0,1
0.5,0.23830734966592432,0.18181818181818177,0.26857142857142857,0.25177703554071085,нормальная цена,1,0,1,0,0,0,1
0.7727272727272805,0.4652561247216036,0.18181818181818177,0.4285714285714285,0.40539010780215606,нормальная цена,1,0,0,0,1,0,1
0.6363636363636402,0.6013363028953229,0.2727272727272727,1.0,0.47998959979199585,нормальная цена,1,0,0,0,1,1,0
0.7727272727272805,0.4416481069042317,0.0,0.2571428571428571,0.221992439848797,нормальная цена,1,0,0,0,1,0,1
0.36363636363635976,0.1224944320712695,0.18181818181818177,0.26857142857142857,0.3399867997359947,нормальная цена,1,0,0,0,1,0,1
0.18181818181818699,0.1447661469933185,0.18181818181818177,0.2571428571428571,0.6599931998639972,высокая цена,1,0,0,1,0,0,1
0.45454545454545325,0.2561247216035635,0.18181818181818177,0.26857142857142857,0.3039860797215944,нормальная цена,1,0,1,0,0,0,1
0.5454545454545467,0.3028953229398664,0.18181818181818177,0.26857142857142857,0.42727854557091144,нормальная цена,1,0,0,0,1,0,1
1.0,0.799554565701559,0.0,0.2571428571428571,0.002060041200824016,нормальная цена,1,0,0,0,1,0,1
0.681818181818187,0.41759465478841873,0.0,0.2571428571428571,0.24308886177723554,нормальная цена,1,0,0,0,1,0,1
0.7727272727272805,0.5211581291759465,0.0,0.2571428571428571,0.11060021200424008,нормальная цена,1,0,0,0,1,0,1
0.7272727272727337,0.46770601336302897,0.18181818181818177,0.4285714285714285,0.3059861197223945,нормальная цена,1,0,0,0,1,0,1
0.36363636363635976,0.244988864142539,0.18181818181818177,0.26857142857142857,0.375987519750395,нормальная цена,1,0,0,0,1,0,1
0.7727272727272805,0.6013363028953229,0.2727272727272727,0.6571428571428571,0.23198463969279387,нормальная цена,1,0,0,0,1,0,1
0.7727272727272805,0.4229398663697105,0.0,0.2571428571428571,0.20198403968079362,нормальная цена,1,0,0,0,1,0,1
0.7727272727272805,0.5991091314031181,0.2727272727272727,0.48571428571428565,0.20413608272165445,нормальная цена,1,0,0,0,1,0,1
0.4090909090909065,0.1893095768374165,0.18181818181818177,0.26857142857142857,0.35278705574111485,хорошая цена,1,0,1,0,0,0,1
0.18181818181818699,0.16703786191536749,0.22727272727272718,0.0,0.5359907198143963,нормальная цена,0,1,0,1,0,0,1
0.45454545454545325,0.244988864142539,0.2727272727272727,0.20000000000000007,0.41998839976799535,нормальная цена,0,1,0,0,1,0,1
0.18181818181818699,0.08908685968819599,0.18181818181818177,0.2571428571428571,0.3599871997439949,нормальная цена,1,0,1,0,0,0,1
0.45454545454545325,0.20022271714922052,0.18181818181818177,0.26857142857142857,0.3359867197343947,хорошая цена,1,0,1,0,0,0,1
0.5,0.311804008908686,0.18181818181818177,0.26857142857142857,0.373987479749595,нормальная цена,1,0,0,0,1,0,1
0.45454545454545325,0.311804008908686,0.9999999999999999,0.8857142857142858,0.5119902398047961,нормальная цена,1,0,0,0,1,1,0
0.4090909090909065,0.2538975501113586,0.18181818181818177,0.26857142857142857,0.43998879977599553,нормальная цена,1,0,0,0,1,0,1
0.7727272727272805,0.4452115812917595,0.18181818181818177,0.4285714285714285,0.26938538770775416,нормальная цена,1,0,0,0,1,0,1
0.45454545454545325,0.311804008908686,0.18181818181818177,0.26857142857142857,0.45398907978159564,высокая цена,1,0,1,0,0,0,1
0.9545454545454533,0.8374164810690423,0.2727272727272727,0.46285714285714297,0.011980239604792097,нормальная цена,1,0,0,0,1,0,1
0.5,0.2536748329621381,0.18181818181818177,0.26857142857142857,0.2712394247884958,нормальная цена,1,0,1,0,0,0,1
0.45454545454545325,0.23830734966592432,0.18181818181818177,0.26857142857142857,0.43937878757575155,нормальная цена,1,0,1,0,0,0,1
0.5,0.2848552338530067,0.18181818181818177,0.26857142857142857,0.2719854397087942,нормальная цена,1,0,0,0,1,0,1
0.36363636363635976,0.267260579064588,0.18181818181818177,0.26857142857142857,0.3439868797375948,нормальная цена,1,0,0,1,0,0,1
0.45454545454545325,0.1959910913140312,0.18181818181818177,0.26857142857142857,0.4960059201184024,нормальная цена,1,0,1,0,0,0,1
0.45454545454545325,0.2249443207126949,0.18181818181818177,0.26857142857142857,0.2739854797095942,нормальная цена,1,0,1,0,0,0,1
0.4090909090909065,0.178173719376392,0.18181818181818177,0.26857142857142857,0.4499889997799956,нормальная цена,1,0,0,0,1,0,1
0.36363636363635976,0.19977728285077953,0.18181818181818177,0.26857142857142857,0.7179943598871977,нормальная цена,1,0,0,1,0,0,1
0.3181818181818272,0.23385300668151449,0.18181818181818177,0.26857142857142857,0.499989999799996,нормальная цена,1,0,0,0,1,0,1
0.18181818181818699,0.11247216035634744,0.18181818181818177,0.2571428571428571,0.5159903198063961,хорошая цена,1,0,1,0,0,0,1
0.22727272727273373,0.10022271714922049,0.18181818181818177,0.2571428571428571,0.499989999799996,нормальная цена,1,0,1,0,0,0,1
0.5,0.31737193763919824,0.18181818181818177,0.26857142857142857,0.3199863997279946,нормальная цена,1,0,0,0,1,0,1
0.4090909090909065,0.23162583518930957,0.18181818181818177,0.26857142857142857,0.27998559971199427,нормальная цена,1,0,0,0,1,0,1
0.45454545454545325,0.21380846325167038,0.18181818181818177,0.26857142857142857,0.3859877197543951,нормальная цена,1,0,1,0,0,0,1
0.7727272727272805,0.4518930957683742,0.0,0.2571428571428571,0.13060261205224105,хорошая цена,1,0,0,0,1,0,1
0.45454545454545325,0.2605790645879733,0.18181818181818177,0.26857142857142857,0.43998879977599553,нормальная цена,1,0,1,0,0,0,1
0.5,0.2583518930957684,0.18181818181818177,0.26857142857142857,0.38468769375387507,нормальная цена,1,0,0,0,1,0,1
0.2727272727272805,0.1625835189309577,0.2727272727272727,0.20000000000000007,0.5795895917918358,хорошая цена,0,1,0,0,1,0,1
0.7272727272727337,0.423162583518931,0.0,0.2571428571428571,0.3239864797295946,нормальная цена,1,0,0,0,1,0,1
0.5,0.3452115812917595,0.18181818181818177,0.26857142857142857,0.2985859717194344,нормальная цена,1,0,0,0,1,0,1
0.5,0.35634743875278396,0.2727272727272727,0.5428571428571428,0.3109862197243945,нормальная цена,1,0,0,0,1,0,1
0.7272727272727337,0.5434298440979956,0.2727272727272727,0.6571428571428571,0.2999859997199944,нормальная цена,1,0,0,0,1,0,1
0.36363636363635976,0.155902004454343,0.18181818181818177,0.26857142857142857,0.631992639852797,хорошая цена,1,0,0,0,1,0,1
0.45454545454545325,0.2538975501113586,0.18181818181818177,0.26857142857142857,0.4228204564091282,нормальная цена,1,0,1,0,0,0,1
0.6363636363636402,0.43429844097995546,0.2727272727272727,0.6571428571428571,0.5599911998239965,нормальная цена,1,0,0,0,1,0,1
0.7272727272727337,0.4142538975501114,0.0,0.2571428571428571,0.20973019460389208,нормальная цена,1,0,0,0,1,0,1
0.45454545454545325,0.24721603563474387,0.18181818181818177,0.26857142857142857,0.6639932798655973,высокая цена,1,0,1,0,0,0,1
0.45454545454545325,0.20022271714922052,0.18181818181818177,0.26857142857142857,0.5179903598071961,нормальная цена,1,0,1,0,0,0,1
0.2727272727272805,0.1380846325167038,0.18181818181818177,0.26857142857142857,0.46998939978799575,нормальная цена,1,0,0,1,0,0,1
0.2727272727272805,0.22271714922049,0.18181818181818177,0.3142857142857143,0.8339966799335986,нормальная цена,1,0,0,0,1,0,1
0.8636363636363598,0.8819599109131403,0.2727272727272727,0.48571428571428565,0.039980799615992324,нормальная цена,1,0,0,0,1,0,1
0.681818181818187,0.41202672605790647,0.0,0.2571428571428571,0.246644932898658,нормальная цена,1,0,0,0,1,0,1
0.6363636363636402,0.30957683741648107,0.0,0.2571428571428571,0.3742594851897038,хорошая цена,1,0,0,0,1,0,1
0.2727272727272805,0.22271714922049,0.18181818181818177,0.3142857142857143,0.5799915998319966,нормальная цена,1,0,0,0,1,0,1
0.3181818181818272,0.1915367483296214,0.18181818181818177,0.26857142857142857,0.5505050101002019,нормальная цена,1,0,0,0,1,0,1
0.18181818181818699,0.16703786191536749,0.18181818181818177,0.2571428571428571,0.46998939978799575,высокая цена,1,0,0,1,0,0,1
0.4090909090909065,0.28173719376391987,0.18181818181818177,0.26857142857142857,0.24684293685873718,высокая цена,1,0,1,0,0,0,1
0.5,0.3674832962138085,0.2727272727272727,0.20000000000000007,0.25598511970239407,нормальная цена,0,1,0,0,1,0,1
0.36363636363635976,0.133630289532294,0.18181818181818177,0.26857142857142857,0.3639872797455949,нормальная цена,1,0,0,0,1,0,1
0.5,0.33407550111358575,0.18181818181818177,0.26857142857142857,0.4106882137642753,нормальная цена,1,0,0,0,1,0,1
0.5,0.3452115812917595,0.18181818181818177,0.26857142857142857,0.29438588771775437,нормальная цена,1,0,0,0,1,0,1
0.8181818181818272,0.5788418708240535,0.0,0.2571428571428571,0.16744334886697734,нормальная цена,1,0,0,0,1,0,1
0.18181818181818699,0.11581291759465481,0.18181818181818177,0.2571428571428571,0.6599931998639972,нормальная цена,1,0,0,1,0,0,1
0.09090909090909349,0.06570155902004454,0.18181818181818177,0.2571428571428571,0.4233884677693554,нормальная цена,1,0,0,1,0,0,1
0.5,0.24810690423162585,0.18181818181818177,0.26857142857142857,0.35483709674193487,нормальная цена,1,0,1,0,0,0,1
0.3181818181818272,0.12138084632516705,0.18181818181818177,0.26857142857142857,0.3599871997439949,нормальная цена,1,0,0,1,0,0,1
0.5454545454545467,0.3229398663697105,0.2727272727272727,0.20000000000000007,0.35396707934158683,нормальная цена,0,1,0,0,1,0,1
0.0,0.08218262806236082,0.4999999999999999,0.2857142857142857,0.7099941998839976,нормальная цена,0,1,1,0,0,0,1
0.4090909090909065,0.3538975501113586,0.18181818181818177,0.26857142857142857,0.37998759975199503,высокая цена,1,0,0,0,1,0,1
0.5,0.2808463251670379,0.18181818181818177,0.3142857142857143,0.23598471969439389,нормальная цена,1,0,0,1,0,0,1
0.45454545454545325,0.311804008908686,0.18181818181818177,0.26857142857142857,0.49598991979839596,высокая цена,1,0,1,0,0,0,1
0.45454545454545325,0.23385278396436526,0.2727272727272727,0.5428571428571428,0.46998939978799575,нормальная цена,1,0,0,0,1,0,1
0.4090909090909065,0.27839643652561247,0.18181818181818177,0.26857142857142857,0.3079861597231945,нормальная цена,1,0,1,0,0,0,1
0.45454545454545325,0.27839643652561247,0.18181818181818177,0.26857142857142857,0.4499889997799956,нормальная цена,1,0,1,0,0,0,1
0.5,0.40645879732739426,0.2727272727272727,0.5428571428571428,0.2879857597151943,нормальная цена,1,0,0,0,1,0,1
0.6363636363636402,0.4229398663697105,0.18181818181818177,0.4285714285714285,0.3999879997599952,нормальная цена,1,0,0,0,1,0,1
0.09090909090909349,0.0913140311804009,0.6363636363636364,0.5028571428571428,0.499989999799996,нормальная цена,1,0,1,0,0,0,1
0.45454545454545325,0.244988864142539,0.18181818181818177,0.26857142857142857,0.6062321246424928,нормальная цена,1,0,1,0,0,0,1
0.7272727272727337,0.5565701559020044,0.0,0.2571428571428571,0.10598211964239285,нормальная цена,1,0,0,0,1,0,1
0.4090909090909065,0.1447661469933185,0.18181818181818177,0.26857142857142857,0.596279925598512,отличная цена,1,0,1,0,0,0,1
0.5909090909090935,0.423162583518931,0.2727272727272727,0.5428571428571428,0.43998879977599553,нормальная цена,1,0,1,0,0,1,0
0.8181818181818272,0.633184855233853,0.2727272727272727,0.48571428571428565,0.19544190883817678,нормальная цена,1,0,0,0,1,0,1
0.7272727272727337,0.5456570155902004,0.0,0.2571428571428571,0.19398387967759356,нормальная цена,1,0,0,0,1,0,1
0.8636363636363598,0.5946547884187082,0.0,0.2571428571428571,0.13998279965599314,нормальная цена,1,0,0,0,1,0,1
0.36363636363635976,0.311804008908686,0.18181818181818177,0.26857142857142857,0.3119862397247945,высокая цена,1,0,0,0,1,0,1
0.3181818181818272,0.244988864142539,0.18181818181818177,0.26857142857142857,0.48398967979359586,нормальная цена,1,0,0,0,1,0,1
0.5,0.3200445434298441,0.9999999999999999,0.8857142857142858,0.41864437288745776,нормальная цена,1,0,0,0,1,1,0
0.0,0.11135857461024501,0.4999999999999999,0.2857142857142857,0.6898557971159422,нормальная цена,0,1,0,1,0,0,1
0.5,0.3605790645879733,0.2727272727272727,0.5428571428571428,0.2699853997079942,нормальная цена,1,0,0,0,1,0,1
0.36363636363635976,0.3006681514476615,0.9999999999999999,0.8857142857142858,0.5599911998239965,нормальная цена,1,0,0,0,1,1,0
0.6363636363636402,0.37193763919821826,0.18181818181818177,0.4285714285714285,0.27966359327186546,нормальная цена,1,0,0,0,1,0,1
0.7272727272727337,0.6369710467706013,0.0,0.2571428571428571,0.04860697213944279,нормальная цена,1,0,0,0,1,0,1
0.045454545454546746,0.09688195991091314,0.6363636363636364,0.5028571428571428,0.9999999999999999,нормальная цена,1,0,1,0,0,0,1
0.36363636363635976,0.17817349665924279,0.18181818181818177,0.26857142857142857,0.6039920798415968,нормальная цена,1,0,0,0,1,0,1
0.36363636363635976,0.11581291759465481,0.18181818181818177,0.26857142857142857,0.5604132082641652,нормальная цена,1,0,1,0,0,0,1
0.22727272727273373,0.1514476614699332,0.18181818181818177,0.2571428571428571,0.3839876797535951,нормальная цена,1,0,1,0,0,0,1
0.36363636363635976,0.2561247216035635,0.18181818181818177,0.26857142857142857,0.45598911978239565,высокая цена,1,0,0,0,1,0,1
0.3181818181818272,0.1447661469933185,0.18181818181818177,0.26857142857142857,0.6799935998719974,нормальная цена,1,0,0,0,1,0,1
0.3181818181818272,0.22271714922049,0.18181818181818177,0.26857142857142857,0.4599891997839957,нормальная цена,1,0,0,0,1,0,1
0.5,0.267260579064588,0.18181818181818177,0.26857142857142857,0.5999919998399967,нормальная цена,1,0,0,0,1,0,1
0.45454545454545325,0.22271714922049,0.18181818181818177,0.26857142857142857,0.4859897197943959,нормальная цена,1,0,1,0,0,0,1
0.5,0.2447661469933185,0.18181818181818177,0.26857142857142857,0.500310006200124,нормальная цена,1,0,0,0,1,0,1
0.5,0.20022271714922052,0.18181818181818177,0.26857142857142857,0.27670953419068384,отличная цена,1,0,1,0,0,0,1
0.5454545454545467,0.2826280623608018,0.18181818181818177,0.3142857142857143,0.498689973799476,нормальная цена,1,0,0,1,0,1,0
0.4090909090909065,0.2516703786191537,0.18181818181818177,0.26857142857142857,0.47998959979199585,нормальная цена,1,0,0,0,1,0,1
0.3181818181818272,0.178173719376392,0.18181818181818177,0.26857142857142857,0.3819876397527951,нормальная цена,1,0,0,0,1,0,1
0.18181818181818699,0.08908685968819599,0.18181818181818177,0.2571428571428571,0.6439928798575971,нормальная цена,1,0,0,1,0,0,1
0.5,0.244988864142539,0.18181818181818177,0.26857142857142857,0.4119882397647953,нормальная цена,1,0,0,0,1,0,1
0.7272727272727337,0.4184855233853007,0.0,0.2571428571428571,0.19398387967759356,хорошая цена,1,0,0,0,1,0,1
0.5,0.2289532293986637,0.18181818181818177,0.26857142857142857,0.5079901598031961,нормальная цена,1,0,1,0,0,0,1
0.36363636363635976,0.2204899777282851,0.18181818181818177,0.26857142857142857,0.49398987979759595,нормальная цена,1,0,0,0,1,0,1
0.6363636363636402,0.4766146993318486,0.18181818181818177,0.4285714285714285,0.3374387487749755,нормальная цена,1,0,0,0,1,0,1
0.681818181818187,0.3897550111358575,0.09090909090909094,0.08571428571428574,0.3859877197543951,нормальная цена,0,1,0,1,0,0,1
0.5,0.3229398663697105,0.2727272727272727,0.20000000000000007,0.44398887977759555,нормальная цена,0,1,0,0,1,0,1
0.7272727272727337,0.4674832962138085,0.18181818181818177,0.4285714285714285,0.2939858797175944,нормальная цена,1,0,0,0,1,0,1
0.45454545454545325,0.1024498886414254,0.18181818181818177,0.26857142857142857,0.4327886557731155,нормальная цена,1,0,0,1,0,0,1
0.5,0.321826280623608,0.2727272727272727,0.5428571428571428,0.46598931978639574,нормальная цена,1,0,0,0,1,0,1
0.7272727272727337,0.6100222717149221,0.18181818181818177,0.4285714285714285,0.09635392707854157,нормальная цена,1,0,0,0,1,0,1
0.5,0.30957683741648107,0.2727272727272727,0.5428571428571428,0.46598931978639574,нормальная цена,1,0,0,0,1,0,1
0.4090909090909065,0.22828507795100222,0.18181818181818177,0.26857142857142857,0.44115082301646036,нормальная цена,1,0,0,1,0,0,1
0.5,0.311804008908686,0.2727272727272727,0.5428571428571428,0.43198863977279545,нормальная цена,1,0,0,0,1,0,1
1.0,0.7815144766146993,0.0,0.2571428571428571,9.600192003840076e-05,нормальная цена,1,0,0,0,1,0,1
0.4090909090909065,0.23385300668151449,0.18181818181818177,0.26857142857142857,0.5599911998239965,нормальная цена,1,0,1,0,0,0,1
0.6363636363636402,0.6458797327394209,0.2727272727272727,1.0,0.2839856797135943,нормальная цена,1,0,0,0,1,1,0
0.36363636363635976,0.21937639198218264,0.18181818181818177,0.26857142857142857,0.4332006640132803,нормальная цена,1,0,0,0,1,0,1
0.2727272727272805,0.244988864142539,0.18181818181818177,0.3142857142857143,0.321222424448489,нормальная цена,1,0,0,1,0,0,1
0.45454545454545325,0.16703786191536749,0.18181818181818177,0.26857142857142857,0.3892797855957119,отличная цена,1,0,1,0,0,0,1
0.45454545454545325,0.2984409799554566,0.2727272727272727,0.5428571428571428,0.4499889997799956,высокая цена,1,0,0,0,1,0,1
0.5,0.2893095768374165,0.18181818181818177,0.26857142857142857,0.5017640352807056,нормальная цена,1,0,1,0,0,0,1
0.3181818181818272,0.16323207126948777,0.18181818181818177,0.26857142857142857,0.4961879237584752,нормальная цена,1,0,0,0,1,0,1
0.3181818181818272,0.1779510022271715,0.18181818181818177,0.26857142857142857,0.3478189563791276,хорошая цена,1,0,0,0,1,0,1
0.36363636363635976,0.16703786191536749,0.18181818181818177,0.26857142857142857,0.3506370127402548,хорошая цена,1,0,0,0,1,0,1
0.5,0.2893095768374165,0.18181818181818177,0.26857142857142857,0.5017640352807056,нормальная цена,1,0,1,0,0,0,1
0.18181818181818699,0.1358574610244989,0.18181818181818177,0.2571428571428571,0.5899917998359967,нормальная цена,1,0,1,0,0,0,1
0.45454545454545325,0.15991091314031183,0.18181818181818177,0.26857142857142857,0.7244944898897977,хорошая цена,1,0,1,0,0,0,1
0.681818181818187,0.4810690423162584,0.18181818181818177,0.4285714285714285,0.2777555551111022,нормальная цена,1,0,0,0,1,0,1
0.5,0.24053452115812918,0.18181818181818177,0.26857142857142857,0.3279865597311946,нормальная цена,1,0,0,0,1,0,1
0.36363636363635976,0.1447661469933185,0.18181818181818177,0.26857142857142857,0.4599891997839957,нормальная цена,1,0,0,0,1,0,1
0.4090909090909065,0.2271714922048998,0.18181818181818177,0.26857142857142857,0.3959879197583952,нормальная цена,1,0,0,0,1,0,1
0.7272727272727337,0.4229398663697105,0.0,0.2571428571428571,0.24798495969919399,нормальная цена,1,0,0,0,1,0,1
0.5,0.3741648106904232,0.2727272727272727,0.5428571428571428,0.3519870397407948,нормальная цена,1,0,0,0,1,0,1
0.5909090909090935,0.38079665924276174,0.0,0.2571428571428571,0.22709854197083942,нормальная цена,1,0,0,0,1,0,1
0.4090909090909065,0.2155902004454343,0.09090909090909094,0.0,0.5959919198383967,нормальная цена,0,1,0,1,0,0,1
0.0,0.1224944320712695,0.18181818181818177,0.2571428571428571,0.6599931998639972,нормальная цена,1,0,0,1,0,0,1
0.5,0.267260579064588,0.2727272727272727,0.5428571428571428,0.4239884797695954,нормальная цена,1,0,0,0,1,0,1
0.7272727272727337,0.4086859688195991,0.0,0.2571428571428571,0.23998479969599393,хорошая цена,1,0,0,0,1,0,1
0.36363636363635976,0.178173719376392,0.18181818181818177,0.26857142857142857,0.37778755575111506,хорошая цена,1,0,0,0,1,0,1
0.5454545454545467,0.2026726057906459,0.18181818181818177,0.26857142857142857,0.3359867197343947,нормальная цена,1,0,0,0,1,0,1
0.22727272727273373,0.07349665924276169,0.18181818181818177,0.2571428571428571,0.4436688733774676,отличная цена,1,0,0,1,0,0,1
0.681818181818187,0.520935412026726,0.18181818181818177,0.4285714285714285,0.15472109442188844,нормальная цена,1,0,0,0,1,0,1
0.8636363636363598,0.6189309576837416,0.2727272727272727,0.48571428571428565,0.12000440008800176,хорошая цена,1,0,0,0,1,0,1
0.22727272727273373,0.24053452115812918,0.18181818181818177,0.2571428571428571,0.2739854797095942,нормальная цена,1,0,1,0,0,0,1
0.8636363636363598,0.5922048997772829,0.0,0.2571428571428571,0.17954359087181745,нормальная цена,1,0,0,0,1,0,1
0.8636363636363598,0.5679287305122495,0.0,0.2571428571428571,0.20729614592291848,нормальная цена,1,0,0,0,1,0,1
0.4090909090909065,0.1848552338530067,0.18181818181818177,0.26857142857142857,0.45598911978239565,хорошая цена,1,0,0,0,1,0,1
0.5454545454545467,0.2873051224944321,0.18181818181818177,0.26857142857142857,0.4599891997839957,нормальная цена,1,0,0,0,1,0,1
0.5,0.3806236080178174,0.18181818181818177,0.26857142857142857,0.5939918798375967,высокая цена,1,0,0,0,1,0,1
0.6363636363636402,0.8129175946547884,0.2727272727272727,1.0,0.1987839756795136,нормальная цена,1,0,0,0,1,1,0
0.7727272727272805,0.5289532293986636,0.2727272727272727,0.9542857142857143,0.3199863997279946,нормальная цена,1,0,0,0,1,1,0
0.6363636363636402,0.44543429844098,0.2727272727272727,0.6571428571428571,0.3999879997599952,нормальная цена,1,0,0,0,1,0,1
0.9545454545454533,0.8797327394209354,0.2727272727272727,0.46285714285714297,0.012248244964899298,нормальная цена,1,0,0,0,1,0,1
0.7727272727272805,0.47884187082405344,0.0,0.2571428571428571,0.3117842356847137,нормальная цена,1,0,0,0,1,0,1
0.7727272727272805,0.576837416481069,0.0,0.2571428571428571,0.11830236604732094,нормальная цена,1,0,0,0,1,0,1
0.6363636363636402,0.3429844097995546,0.0,0.2571428571428571,0.3439868797375948,нормальная цена,1,0,0,0,1,0,1
0.36363636363635976,0.24053452115812918,0.18181818181818177,0.26857142857142857,0.41998839976799535,нормальная цена,1,0,0,0,1,0,1
0.5454545454545467,0.3530066815144766,0.2727272727272727,0.20000000000000007,0.22178443568871378,нормальная цена,0,1,0,0,1,0,1
0.6363636363636402,0.46770601336302897,0.0,0.2571428571428571,0.2699853997079942,нормальная цена,1,0,0,1,0,0,1
0.36363636363635976,0.16703786191536749,0.2727272727272727,0.20000000000000007,0.7413348266965338,нормальная цена,0,1,0,0,1,0,1
0.5454545454545467,0.27839643652561247,0.18181818181818177,0.26857142857142857,0.499989999799996,нормальная цена,1,0,0,0,1,0,1
