year	price	engine_volume_l	engine_power_hp	fuel_type	transmission	drivetrain	mileage_km	evaluation
2016	1987000	1.8	180	бензин	робот	передний	86000	нормальная цена
2012	1295000	1.8	152	бензин	автомат	передний	143348	высокая цена
2008	980000	2.0	170	дизель	робот	передний	280000	нормальная цена
2013	1650000	1.8	152	бензин	робот	передний	187000	нормальная цена
2010	729000	1.8	152	бензин	робот	передний	292813	хорошая цена
2018	1938000	1.8	180	бензин	робот	передний	148000	нормальная цена
2012	1170000	1.8	152	бензин	автомат	передний	250000	нормальная цена
2012	1170000	1.8	152	бензин	автомат	передний	250000	нормальная цена
2021	3210000	1.4	150	бензин	робот	передний	28189	нормальная цена
2017	1799000	1.4	150	бензин	робот	передний	130000	хорошая цена
2012	1400000	1.8	152	бензин	автомат	передний	210407	высокая цена
2017	2250000	1.4	150	бензин	робот	передний	84909	нормальная цена
2006	699000	1.8	150	бензин	автомат	передний	247608	нормальная цена
2017	2170000	1.4	150	бензин	робот	передний	137416	нормальная цена
2012	2750000	2.0	140	дизель	робот	передний	54000	Unknown
2017	1950000	1.4	150	бензин	робот	передний	160000	нормальная цена
2011	1050000	1.8	152	бензин	робот	передний	100000	хорошая цена
2009	1100000	1.8	160	бензин	робот	передний	210000	нормальная цена
2013	1399000	1.8	152	бензин	автомат	передний	250887	нормальная цена
2019	1599999	1.4	150	бензин	робот	передний	62000	Unknown
2014	1500000	1.8	152	бензин	робот	передний	195000	нормальная цена
2019	2540000	1.4	150	бензин	робот	передний	69764	нормальная цена
2012	1047500	1.8	152	бензин	автомат	передний	350000	нормальная цена
2011	1069000	2.0	140	дизель	робот	передний	238000	нормальная цена
2017	2270000	1.8	180	бензин	робот	передний	120402	нормальная цена
2012	720000	1.8	152	бензин	автомат	передний	400000	Unknown
2012	1700000	3.6	260	бензин	робот	4WD	245500	Unknown
2018	2260000	1.8	180	бензин	робот	передний	131000	нормальная цена
2013	1159000	1.8	152	бензин	робот	передний	210000	нормальная цена
2011	1480000	2.0	140	дизель	робот	передний	185000	высокая цена
2013	1350000	1.8	160	бензин	автомат	передний	299000	нормальная цена
2020	3369000	2.0	190	бензин	робот	передний	50000	нормальная цена
2013	1438000	1.8	152	бензин	робот	передний	127183	нормальная цена
2019	2435000	1.4	150	бензин	робот	передний	96852	нормальная цена
2019	3440000	2.0	190	бензин	робот	передний	29000	нормальная цена
2010	1230000	1.8	152	бензин	робот	передний	222100	нормальная цена
2011	1320000	1.8	152	бензин	автомат	передний	199900	высокая цена
2011	1049000	1.8	152	бензин	автомат	передний	183000	нормальная цена
2013	1599000	1.8	152	бензин	автомат	передний	319682	нормальная цена
2012	1250000	2.0	200	бензин	робот	передний	188000	нормальная цена
2010	900000	1.8	152	бензин	робот	передний	225000	хорошая цена
2021	2848000	1.4	150	бензин	робот	передний	82000	нормальная цена
2024	4590000	2.0	186	бензин	робот	передний	10	нормальная цена
2013	1440000	1.8	152	бензин	автомат	передний	183500	нормальная цена
2017	1549000	1.4	150	бензин	робот	передний	159803	хорошая цена
2017	2100000	2.0	190	дизель	робот	передний	180000	нормальная цена
2021	2897000	1.4	150	бензин	робот	передний	82320	нормальная цена
2010	1600000	1.8	152	бензин	робот	передний	232027	высокая цена
2012	100000	2.0	140	дизель	робот	передний	120000	Unknown
2016	1990000	2.0	280	бензин	робот	4WD	164599	нормальная цена
2013	1790000	1.8	152	бензин	робот	передний	45000	нормальная цена
2015	1405000	1.8	152	бензин	робот	передний	183583	нормальная цена
2019	2800000	1.4	150	бензин	робот	передний	33886	нормальная цена
2010	1250000	1.8	160	бензин	робот	передний	350000	высокая цена
2010	1150000	1.8	152	бензин	робот	передний	193000	нормальная цена
2016	2700000	1.8	180	бензин	робот	передний	90000	высокая цена
2021	2650000	1.4	150	бензин	робот	передний	41000	нормальная цена
2012	1197000	1.8	152	бензин	автомат	передний	198000	нормальная цена
2020	3295000	1.4	150	бензин	робот	передний	79273	нормальная цена
2005	420000	2.8	193	бензин	автомат	передний	205000	хорошая цена
2011	1224000	1.9	105	дизель	механика	передний	230000	Unknown
2008	930000	1.8	150	бензин	автомат	передний	145000	Unknown
2018	2085000	1.8	180	бензин	робот	передний	103180	нормальная цена
2020	3555200	2.0	190	бензин	робот	передний	35996	нормальная цена
2012	1129000	1.8	152	бензин	автомат	передний	173000	нормальная цена
2018	1890000	1.4	150	бензин	робот	передний	155000	нормальная цена
2018	2090000	1.8	180	бензин	робот	передний	78000	отличная цена
2022	3149000	1.4	150	бензин	робот	передний	12198	нормальная цена
2010	958000	1.8	152	бензин	автомат	передний	209686	Unknown
2014	994680	1.8	152	бензин	робот	передний	221001	хорошая цена
2012	1350000	1.8	152	бензин	автомат	передний	226000	нормальная цена
2013	1050000	1.8	152	бензин	робот	передний	252000	хорошая цена
2018	1350000	1.4	150	бензин	механика	передний	150000	хорошая цена
2018	2300000	1.4	150	бензин	робот	передний	130400	нормальная цена
2008	880000	1.8	150	бензин	автомат	передний	253000	нормальная цена
2012	1440000	1.8	152	бензин	автомат	передний	255000	высокая цена
2011	1049000	1.8	152	бензин	автомат	передний	192769	нормальная цена
2018	2385000	1.8	180	бензин	робот	передний	160000	нормальная цена
2002	450000	1.8	150	бензин	механика	передний	390000	нормальная цена
2012	1550000	1.8	152	бензин	автомат	передний	230000	нормальная цена
2018	2399000	1.8	180	бензин	робот	передний	177893	нормальная цена
2014	1400000	1.8	152	бензин	робот	передний	156000	нормальная цена
2008	1289000	1.8	160	бензин	механика	передний	212508	высокая цена
2020	2520000	1.6	120	дизель	робот	передний	220000	нормальная цена
2017	2190000	1.4	150	бензин	робот	передний	118765	нормальная цена
2012	1230000	1.8	152	бензин	автомат	передний	240000	нормальная цена
2014	920000	1.8	152	бензин	робот	передний	153026	Unknown
2018	2565000	1.4	150	бензин	робот	передний	34369	нормальная цена
2017	2320000	1.4	150	бензин	робот	передний	96590	нормальная цена
2014	1350000	1.8	152	бензин	робот	передний	258000	нормальная цена
2019	2895000	2.0	190	дизель	робот	передний	57755	нормальная цена
2018	1900000	2.0	220	бензин	робот	передний	140000	хорошая цена
2018	2750000	1.4	150	бензин	робот	передний	95000	нормальная цена
2011	749000	2.0	140	дизель	робот	передний	320000	Unknown
2021	3399000	2.0	190	бензин	робот	передний	35284	нормальная цена
2010	950000	1.8	152	бензин	робот	передний	199000	нормальная цена
2019	2293000	1.8	180	бензин	робот	передний	141835	нормальная цена
2006	895000	1.8	150	бензин	механика	передний	210000	нормальная цена
2004	600000	1.8	150	бензин	механика	передний	233000	нормальная цена
2008	1040000	1.8	160	бензин	механика	передний	257000	нормальная цена
2015	2100000	1.8	180	бензин	робот	передний	141989	нормальная цена
2014	1330000	1.8	152	бензин	робот	передний	190000	нормальная цена
2006	339000	1.8	150	бензин	автомат	передний	210000	Unknown
2004	380000	1.8	150	бензин	автомат	передний	221073	нормальная цена
2017	1750000	1.8	180	бензин	робот	передний	200000	нормальная цена
2013	1000000	1.8	152	бензин	робот	передний	244000	хорошая цена
2007	650000	1.8	150	бензин	автомат	передний	346000	нормальная цена
2021	2650000	1.4	150	бензин	робот	передний	54000	нормальная цена
2019	2475000	1.4	150	бензин	робот	передний	52993	нормальная цена
2006	539099	1.8	150	бензин	механика	передний	210000	нормальная цена
2021	3140000	1.4	150	бензин	робот	передний	49099	нормальная цена
2018	1770000	1.4	150	бензин	робот	передний	140338	хорошая цена
2017	2250000	1.4	150	бензин	робот	передний	75859	нормальная цена
2010	1500000	1.8	152	бензин	робот	передний	224000	Unknown
2018	1995000	1.4	150	бензин	робот	передний	150973	нормальная цена
2016	1699000	1.4	150	бензин	робот	передний	155000	нормальная цена
2018	2330000	1.4	150	бензин	робот	передний	120605	нормальная цена
2013	1400000	1.8	152	бензин	робот	передний	180000	нормальная цена
2004	430000	1.8	150	бензин	автомат	передний	333704	нормальная цена
2017	2275000	1.4	150	бензин	робот	передний	98329	нормальная цена
2012	1299000	2.0	140	дизель	робот	передний	224363	нормальная цена
2018	2340000	1.4	150	бензин	робот	передний	52984	нормальная цена
2013	1750000	1.8	152	бензин	робот	передний	173000	нормальная цена
2013	1390000	1.8	152	бензин	робот	передний	252000	нормальная цена
2019	2659000	1.4	150	бензин	робот	передний	44512	нормальная цена
2019	2750000	1.4	150	бензин	робот	передний	53771	нормальная цена
2010	1050000	1.8	152	бензин	механика	передний	136000	нормальная цена
2014	1230000	1.8	152	бензин	робот	передний	240425	нормальная цена
2012	1019000	1.8	152	бензин	автомат	передний	324000	нормальная цена
2008	780000	1.8	160	бензин	механика	передний	215000	хорошая цена
2019	2250000	1.4	150	бензин	робот	передний	84375	нормальная цена
2012	1299000	2.0	140	дизель	робот	передний	224363	нормальная цена
2018	2530000	2.0	190	дизель	робот	4WD	286022	нормальная цена
2012	1390000	2.0	140	дизель	робот	передний	273000	нормальная цена
2011	1800000	2.0	200	бензин	робот	передний	210000	высокая цена
2015	1675000	1.8	180	бензин	робот	передний	245000	нормальная цена
2010	1100000	1.8	152	бензин	робот	передний	210159	нормальная цена
2016	1689000	1.4	150	бензин	робот	передний	120465	хорошая цена
2013	1260000	1.8	152	бензин	робот	передний	201000	нормальная цена
2016	1810000	1.4	150	бензин	робот	передний	190000	нормальная цена
2015	1690000	1.8	180	бензин	робот	передний	217913	нормальная цена
2011	1099000	1.8	152	бензин	механика	передний	230000	нормальная цена
2008	1200000	1.8	160	бензин	робот	передний	157000	нормальная цена
2018	2461202	1.8	180	бензин	робот	передний	98420	нормальная цена
2010	1068200	1.8	152	бензин	робот	передний	201944	нормальная цена
2019	2200000	1.8	180	бензин	робот	передний	76000	Unknown
2019	3850000	2.0	190	дизель	робот	передний	108000	высокая цена
2012	1420000	2.0	140	дизель	робот	передний	390000	нормальная цена
2013	1095000	1.8	152	бензин	автомат	передний	213468	хорошая цена
2018	2500000	1.8	180	бензин	робот	передний	120000	нормальная цена
2019	2049000	1.6	120	дизель	автомат	передний	184998	нормальная цена
2009	750000	1.8	160	бензин	механика	передний	213000	Unknown
2013	1350000	1.8	152	бензин	автомат	передний	115533	нормальная цена
2002	460000	1.8	150	бензин	механика	передний	470000	нормальная цена
2011	1350000	1.8	152	бензин	автомат	передний	232000	нормальная цена
2009	1200000	1.8	152	бензин	робот	передний	270000	нормальная цена
2012	1550000	2.0	200	бензин	робот	передний	115000	нормальная цена
2018	1600000	1.8	180	бензин	робот	передний	369500	нормальная цена
2021	4500000	2.0	280	бензин	робот	4WD	90000	нормальная цена
2012	960000	1.8	152	бензин	автомат	передний	229000	Unknown
2014	1700000	1.8	152	бензин	робот	передний	140000	нормальная цена
2016	2099000	1.8	180	бензин	робот	передний	99900	нормальная цена
2011	1050000	1.8	152	бензин	автомат	передний	150000	нормальная цена
2013	940000	1.8	152	бензин	автомат	передний	207593	хорошая цена
2019	2230000	1.4	150	бензин	робот	передний	76770	хорошая цена
2012	1500000	1.8	152	бензин	автомат	передний	129000	нормальная цена
2018	2399000	1.8	180	бензин	робот	передний	91000	нормальная цена
2011	1155000	1.8	152	бензин	робот	передний	160000	нормальная цена
2010	900000	1.8	152	бензин	робот	передний	365000	нормальная цена
2019	2231000	1.4	150	бензин	робот	передний	86129	нормальная цена
2010	785000	1.8	152	бензин	робот	передний	330000	Unknown
2010	838000	1.8	152	бензин	робот	передний	232200	хорошая цена
2019	2075000	1.4	150	бензин	робот	передний	108365	нормальная цена
2005	510000	1.8	150	бензин	автомат	передний	250000	нормальная цена
2014	1515000	2.0	140	дизель	робот	передний	369000	нормальная цена
2012	980000	1.8	160	бензин	механика	передний	166700	хорошая цена
2018	2399900	1.8	180	бензин	робот	передний	118000	нормальная цена
2018	2180000	1.8	180	бензин	робот	передний	99000	нормальная цена
2015	2100000	1.4	150	бензин	робот	передний	173000	высокая цена
2012	1309990	1.8	152	бензин	автомат	передний	173000	нормальная цена
2014	1239000	1.8	152	бензин	робот	передний	171559	хорошая цена
2017	2350000	1.8	180	бензин	робот	передний	222000	Unknown
2011	850000	1.8	152	бензин	робот	передний	190000	хорошая цена
2012	1000000	1.8	152	бензин	автомат	передний	245000	хорошая цена
2003	280000	2.8	193	бензин	автомат	передний	300000	Unknown
2021	3099000	1.4	150	бензин	робот	передний	20000	нормальная цена
2012	1200000	1.8	152	бензин	автомат	передний	277800	нормальная цена
2012	1100000	1.8	152	бензин	автомат	передний	219000	хорошая цена
2012	1100000	1.8	152	бензин	автомат	передний	158605	нормальная цена
2011	1300000	1.8	152	бензин	робот	передний	222000	Unknown
2019	2775000	1.4	150	бензин	робот	передний	54700	нормальная цена
2018	2365000	1.4	150	бензин	робот	передний	69444	нормальная цена
2003	470000	2.8	193	бензин	автомат	передний	280000	нормальная цена
2011	1500000	1.8	152	бензин	механика	передний	205000	нормальная цена
2007	750000	1.8	150	бензин	механика	передний	363595	нормальная цена
2016	2350000	1.4	150	бензин	робот	передний	109000	нормальная цена
2019	2475000	1.4	150	бензин	робот	передний	99727	нормальная цена
2020	2865000	1.4	150	бензин	робот	передний	87822	нормальная цена
2020	3240000	2.0	190	бензин	робот	передний	65274	нормальная цена
2015	1850000	2.0	140	дизель	робот	передний	180820	нормальная цена
2006	345000	1.8	150	бензин	механика	передний	312301	Unknown
2012	1150000	1.8	152	бензин	автомат	передний	290748	нормальная цена
2021	3530000	2.0	190	бензин	робот	передний	29364	нормальная цена
2010	989000	1.8	152	бензин	робот	передний	273000	нормальная цена
2011	990000	1.8	152	бензин	механика	передний	313000	Unknown
2009	1100000	1.8	152	бензин	робот	передний	190000	Unknown
2014	850000	1.8	152	бензин	механика	передний	280000	хорошая цена
2017	2299800	1.8	180	бензин	робот	передний	84000	нормальная цена
2013	1568000	2.0	200	бензин	робот	передний	183806	нормальная цена
2012	948000	2.0	200	бензин	робот	передний	245296	хорошая цена
2019	2635000	2.0	220	бензин	робот	передний	97356	нормальная цена
2009	1234000	1.8	152	бензин	робот	передний	250550	высокая цена
2017	2300000	1.4	150	бензин	робот	передний	105276	нормальная цена
2018	2390000	1.4	150	бензин	робот	передний	116628	нормальная цена
2012	967000	1.8	152	бензин	автомат	передний	231438	нормальная цена
2011	1399000	1.8	152	бензин	робот	передний	196000	высокая цена
2009	1185000	1.8	152	бензин	автомат	передний	286000	нормальная цена
2014	1600000	1.8	152	бензин	робот	передний	202000	нормальная цена
2012	1060000	1.8	152	бензин	автомат	передний	152000	хорошая цена
2017	2100000	1.4	150	бензин	робот	передний	49618	нормальная цена
2013	1300000	1.8	152	бензин	автомат	передний	200000	нормальная цена
2005	800000	1.8	150	бензин	механика	передний	194415	высокая цена
2011	1350000	1.8	152	бензин	робот	передний	240000	нормальная цена
2011	950000	2.0	200	бензин	робот	передний	232059	Unknown
2019	1975000	1.4	150	бензин	робот	передний	180000	нормальная цена
2010	950000	1.8	152	бензин	робот	передний	223000	хорошая цена
2018	2585000	1.4	150	бензин	робот	передний	54572	нормальная цена
2005	299000	1.8	150	бензин	автомат	передний	280000	Unknown
2009	1000000	1.8	152	бензин	робот	передний	303000	нормальная цена
2009	869999	1.4	125	бензин	механика	передний	277000	нормальная цена
2015	1300000	1.8	152	бензин	робот	передний	180700	нормальная цена
2007	499000	1.8	150	бензин	автомат	передний	225000	хорошая цена
2008	850000	1.8	152	бензин	механика	передний	320000	нормальная цена
2011	889000	1.8	152	бензин	автомат	передний	176448	Unknown
2010	890000	1.8	152	бензин	робот	передний	244000	хорошая цена
2007	585000	1.8	150	бензин	автомат	передний	184000	нормальная цена
2011	825000	1.8	152	бензин	робот	передний	189125	отличная цена
2018	2430000	1.8	180	бензин	робот	передний	119000	нормальная цена
2016	2025000	1.8	180	бензин	робот	передний	112104	нормальная цена
2012	1150000	1.8	152	бензин	автомат	передний	216000	нормальная цена
2019	2750000	1.4	150	бензин	робот	передний	44827	нормальная цена
2024	3595000	1.4	150	бензин	робот	передний	53	нормальная цена
2017	2490000	2.0	280	бензин	робот	4WD	159023	нормальная цена
2019	2550000	1.4	150	бензин	робот	передний	78361	нормальная цена
2011	650000	1.8	152	бензин	робот	передний	254000	Unknown
2016	1500000	1.4	150	бензин	робот	передний	155000	хорошая цена
2024	3595000	1.4	150	бензин	робот	передний	30	нормальная цена
2015	1378000	1.8	Unknown	бензин	механика	передний	330224	Unknown
2010	930000	1.8	152	бензин	робот	передний	205000	Unknown
2007	670000	1.8	150	бензин	автомат	передний	302500	нормальная цена
2009	860000	1.8	152	бензин	робот	передний	189000	хорошая цена
2015	2500000	2.0	220	бензин	робот	передний	120000	нормальная цена
2021	2698900	2.0	220	бензин	робот	передний	146790	нормальная цена
2007	499000	1.8	150	бензин	автомат	передний	236216	Unknown
2017	2999999	2.0	280	бензин	робот	4WD	170000	нормальная цена
2014	1200000	2.0	200	бензин	робот	передний	227843	нормальная цена
2012	1540000	2.0	140	дизель	робот	передний	253600	высокая цена
2010	1200000	1.8	152	бензин	робот	передний	220000	нормальная цена
2011	1277504	1.8	152	бензин	робот	передний	144200	высокая цена
2013	1800000	1.8	152	бензин	робот	передний	65514	нормальная цена
2012	1220000	2.0	200	бензин	робот	передний	238291	нормальная цена
2013	1550000	2.0	200	бензин	робот	передний	340000	нормальная цена
2008	600000	1.8	160	бензин	механика	передний	240000	отличная цена
2011	1080000	1.8	152	бензин	робот	передний	148000	нормальная цена
2019	2189000	1.4	150	бензин	робот	передний	61000	нормальная цена
2012	999999	1.8	152	бензин	автомат	передний	204411	хорошая цена
2019	2290000	1.8	180	бензин	робот	передний	135000	нормальная цена
2016	2100000	2.0	220	бензин	робот	передний	168881	нормальная цена
2014	1275000	1.6	105	дизель	механика	передний	278000	нормальная цена
2010	1100000	1.8	152	бензин	робот	передний	232000	нормальная цена
2012	1100000	1.8	152	бензин	автомат	передний	175000	нормальная цена
2011	1220000	1.8	152	бензин	робот	передний	104350	нормальная цена
2017	1300000	1.8	180	бензин	робот	передний	370000	Unknown
2021	2799000	2.0	190	бензин	робот	передний	111000	нормальная цена
2016	1890000	1.8	180	бензин	механика	передний	175780	нормальная цена
2006	600000	1.8	150	бензин	автомат	передний	226000	нормальная цена
2011	1150000	1.8	152	бензин	автомат	передний	199000	нормальная цена
2019	2570000	1.4	150	бензин	робот	передний	45714	нормальная цена
2017	2150000	1.4	150	бензин	робот	передний	124200	Unknown
2017	2930000	2.0	220	бензин	робот	передний	89760	нормальная цена
2010	1190000	1.8	152	бензин	робот	передний	178000	нормальная цена
2012	1310000	1.8	152	бензин	автомат	передний	230000	нормальная цена
2010	970000	1.8	152	бензин	робот	передний	193000	Unknown
2018	2034000	1.4	150	бензин	робот	передний	118037	нормальная цена
2018	2250000	1.4	150	бензин	робот	передний	150000	нормальная цена
2012	1099000	1.8	152	бензин	автомат	передний	178300	нормальная цена
2010	926000	1.8	152	бензин	робот	передний	254716	нормальная цена
2011	1280000	2.0	140	дизель	робот	передний	182933	нормальная цена
2011	1038000	2.0	140	дизель	робот	передний	290000	нормальная цена
2002	520000	2.5	155	дизель	автомат	передний	284059	нормальная цена
2013	1350000	1.8	152	бензин	робот	передний	177000	Unknown
2013	1269000	1.8	152	бензин	автомат	передний	183116	нормальная цена
2012	1417000	2.0	140	дизель	робот	передний	104071	нормальная цена
2021	3180000	1.4	150	бензин	робот	передний	34486	нормальная цена
2018	2120000	1.8	180	бензин	робот	передний	152889	нормальная цена
2012	1100000	1.8	152	бензин	автомат	передний	236976	нормальная цена
2013	1450000	1.8	152	бензин	робот	передний	178000	нормальная цена
2016	1610000	1.4	150	бензин	робот	передний	233911	нормальная цена
2017	1860000	1.4	150	бензин	робот	передний	142414	нормальная цена
2007	650000	1.8	150	бензин	автомат	передний	246500	Unknown
2015	1450000	1.6	105	дизель	механика	передний	255571	нормальная цена
2012	990000	1.8	160	бензин	робот	передний	193010	нормальная цена
2018	2370000	1.4	150	бензин	робот	передний	209500	нормальная цена
2021	3850000	2.0	190	бензин	робот	передний	83724	нормальная цена
2013	1350000	1.8	152	бензин	робот	передний	135500	Unknown
2012	1010000	1.8	152	бензин	автомат	передний	154004	хорошая цена
2013	1200000	1.8	152	бензин	автомат	передний	235000	нормальная цена
2010	1070000	1.8	152	бензин	робот	передний	218000	нормальная цена
2010	1050000	1.8	152	бензин	робот	передний	193115	нормальная цена
2015	1785000	1.4	150	бензин	робот	передний	145009	нормальная цена
2009	990000	1.8	152	бензин	автомат	передний	175000	нормальная цена
2010	1050000	1.8	152	бензин	робот	передний	213000	нормальная цена
2013	1870000	1.8	152	бензин	робот	передний	163000	нормальная цена
2012	1050000	1.8	152	бензин	автомат	передний	210000	нормальная цена
2013	1600000	1.8	152	бензин	робот	передний	158753	высокая цена
2017	1870000	1.4	150	бензин	робот	передний	176655	нормальная цена
2009	907000	1.8	152	бензин	робот	передний	216100	нормальная цена
2003	570000	1.8	150	бензин	механика	передний	356333	нормальная цена
2014	1645000	1.8	152	бензин	робот	передний	165000	нормальная цена
2012	1399000	1.8	152	бензин	автомат	передний	162000	нормальная цена
2017	2045000	1.8	180	бензин	робот	передний	179000	нормальная цена
2013	1095000	1.8	152	бензин	робот	передний	226000	хорошая цена
2022	3640000	2.0	190	бензин	робот	передний	43422	нормальная цена
2011	840000	1.8	152	бензин	робот	передний	162000	Unknown
2012	973000	1.8	152	бензин	автомат	передний	235512	хорошая цена
2007	620000	1.8	150	бензин	автомат	передний	187815	нормальная цена
2018	2200000	1.8	180	бензин	робот	передний	155296	нормальная цена
2024	4350000	2.0	186	бензин	робот	передний	10	нормальная цена
2024	4350000	2.0	186	бензин	робот	передний	10	нормальная цена
2024	4450000	2.0	186	бензин	робот	передний	10	нормальная цена
2017	2320000	1.8	180	бензин	робот	передний	106725	нормальная цена
2010	1060000	1.8	152	бензин	робот	передний	178000	нормальная цена
2012	1570000	2.0	140	дизель	робот	передний	118200	нормальная цена
2014	1400000	1.8	152	бензин	робот	передний	148000	нормальная цена
2012	1600000	1.8	152	бензин	автомат	передний	169824	высокая цена
2014	900000	1.8	152	бензин	робот	передний	157500	Unknown
2010	1300000	1.8	152	бензин	робот	передний	216000	нормальная цена
2018	2099000	1.4	150	бензин	робот	передний	137529	нормальная цена
2012	1450000	2.0	140	дизель	робот	передний	385000	высокая цена
2022	4050000	2.0	190	бензин	робот	передний	28652	нормальная цена
2016	2540000	1.8	180	бензин	робот	передний	100929	нормальная цена
2013	1170000	1.8	152	бензин	автомат	передний	125896	нормальная цена
2019	2189000	1.8	180	бензин	робот	передний	202701	нормальная цена
2016	2800000	2.0	280	бензин	робот	4WD	240000	нормальная цена
2019	2083000	1.4	150	бензин	робот	передний	111004	нормальная цена
2010	650000	1.8	152	бензин	робот	передний	170000	Unknown
2006	750000	1.8	150	бензин	механика	передний	330000	высокая цена
2012	1250000	1.8	152	бензин	автомат	передний	152000	нормальная цена
2014	1460000	1.8	152	бензин	робот	передний	213645	нормальная цена
2024	3690000	1.4	150	бензин	робот	передний	1040	нормальная цена
2017	1975000	1.4	150	бензин	робот	передний	121552	нормальная цена
2019	2440000	1.4	150	бензин	робот	передний	55309	нормальная цена
2018	2200000	1.8	180	бензин	робот	передний	153000	Unknown
2010	1200000	1.8	152	бензин	робот	передний	188000	нормальная цена
2019	2800000	2.0	220	бензин	робот	передний	116000	нормальная цена
2019	1999000	1.4	150	бензин	робот	передний	101000	нормальная цена
2019	2790000	2.0	190	бензин	робот	передний	102076	нормальная цена
2011	950000	1.8	152	бензин	автомат	передний	176400	хорошая цена
2006	850000	1.9	105	дизель	механика	передний	268000	нормальная цена
2012	1200000	2.0	140	дизель	робот	передний	210000	нормальная цена
2006	500000	1.8	150	бензин	автомат	передний	180000	Unknown
2012	999000	1.8	152	бензин	автомат	передний	168000	хорошая цена
2013	1500000	1.8	152	бензин	робот	передний	187000	нормальная цена
2012	1500000	3.6	260	бензин	робот	4WD	256000	нормальная цена
2011	1240000	1.8	152	бензин	робот	передний	220000	нормальная цена
2019	2099000	1.8	180	бензин	робот	передний	134700	нормальная цена
2012	1500000	1.8	152	бензин	автомат	передний	227000	высокая цена
2023	3860000	2.0	186	бензин	робот	передний	6000	нормальная цена
2013	1239000	1.8	152	бензин	автомат	передний	135627	нормальная цена
2012	1170000	1.8	152	бензин	автомат	передний	219695	нормальная цена
2013	1379000	1.8	152	бензин	робот	передний	136000	нормальная цена
2010	1300000	1.8	152	бензин	механика	передний	172000	нормальная цена
2012	980000	1.8	152	бензин	автомат	передний	248008	нормальная цена
2012	1110000	1.8	152	бензин	автомат	передний	137000	нормальная цена
2011	900000	1.8	152	бензин	робот	передний	225000	Unknown
2010	997000	1.8	152	бензин	механика	передний	359000	нормальная цена
2009	1150000	1.8	152	бензин	робот	передний	250000	нормальная цена
2006	605000	1.8	150	бензин	автомат	передний	258000	хорошая цена
2007	550000	1.8	150	бензин	автомат	передний	250000	Unknown
2013	1525000	1.8	152	бензин	робот	передний	160000	нормальная цена
2011	1140000	1.8	152	бензин	робот	передний	140000	нормальная цена
2012	1060000	1.8	152	бензин	автомат	передний	193000	нормальная цена
2019	2129000	1.4	150	бензин	робот	передний	65310	хорошая цена
2012	1270000	1.8	152	бензин	автомат	передний	220000	нормальная цена
2013	1260000	1.8	152	бензин	робот	передний	192350	Unknown
2008	830000	2.0	140	дизель	робот	передний	289799	хорошая цена
2018	2000000	1.4	150	бензин	робот	передний	162000	нормальная цена
2013	1650000	1.8	152	бензин	робот	передний	149300	нормальная цена
2013	1700000	2.0	200	бензин	робот	передний	155500	нормальная цена
2018	2540000	2.0	220	бензин	робот	передний	150000	нормальная цена
2010	800000	1.8	152	бензин	робот	передний	316000	хорошая цена
2012	1240000	1.8	152	бензин	автомат	передний	211416	нормальная цена
2016	2050000	2.0	220	бензин	робот	передний	280000	нормальная цена
2018	1960000	1.4	150	бензин	робот	передний	104873	нормальная цена
2012	1210000	1.8	152	бензин	автомат	передний	332000	высокая цена
2012	999000	1.8	152	бензин	автомат	передний	259000	нормальная цена
2008	720000	1.8	152	бензин	механика	передний	235000	Unknown
2008	1100000	1.8	160	бензин	робот	передний	417000	нормальная цена
2021	4060000	2.0	190	бензин	робот	передний	20000	нормальная цена
2017	1950000	1.4	150	бензин	робот	передний	123330	нормальная цена
2016	1490000	1.4	150	бензин	робот	передний	187136	хорошая цена
2008	1100000	1.8	160	бензин	робот	передний	290000	Unknown
2009	960000	1.8	152	бензин	робот	передний	275257	нормальная цена
2006	850000	1.8	150	бензин	механика	передний	235000	высокая цена
2011	1365000	1.8	152	бензин	автомат	передний	123429	высокая цена
2013	1750000	2.0	140	дизель	робот	передний	128000	нормальная цена
2010	700000	1.8	152	бензин	робот	передний	182000	Unknown
2013	1599999	1.8	152	бензин	робот	передний	205350	нормальная цена
2013	1650000	1.8	152	бензин	робот	передний	147200	Unknown
2020	2699000	1.4	150	бензин	робот	передний	83730	нормальная цена
2006	620000	1.8	150	бензин	механика	передний	330000	нормальная цена
2004	395000	1.8	150	бензин	механика	передний	211700	нормальная цена
2013	1214000	1.8	152	бензин	автомат	передний	177425	нормальная цена
2009	645000	1.8	152	бензин	механика	передний	180000	Unknown
2014	1550000	2.0	140	дизель	робот	передний	176990	нормальная цена
2002	469000	2.5	155	дизель	автомат	передний	355000	нормальная цена
2011	1689000	1.8	152	бензин	робот	передний	190000	высокая цена
2013	1361000	1.8	160	бензин	механика	передний	118000	Unknown
2012	1500000	1.8	152	бензин	автомат	передний	248000	высокая цена
2012	1149999	2.0	200	бензин	робот	передний	235000	нормальная цена
2011	1350000	1.8	152	бензин	автомат	передний	154000	нормальная цена
2012	1350000	1.8	152	бензин	автомат	передний	225000	нормальная цена
2013	1925000	2.0	200	бензин	робот	передний	144000	нормальная цена
2016	1999000	1.8	180	бензин	робот	передний	200000	нормальная цена
2004	510000	2.8	193	бензин	автомат	передний	250000	Unknown
2012	1200000	1.8	152	бензин	автомат	передний	303120	нормальная цена
2018	2599000	1.4	150	бензин	робот	передний	53000	нормальная цена
2011	750000	1.8	152	бензин	автомат	передний	298144	отличная цена
2015	2000000	2.0	200	бензин	автомат	4WD	220000	нормальная цена
2020	2943000	2.0	190	бензин	робот	передний	97729	нормальная цена
2018	2550000	1.4	150	бензин	робот	передний	97000	нормальная цена
2021	2770000	1.4	150	бензин	робот	передний	70000	нормальная цена
2010	1500000	1.8	152	бензин	робот	передний	156000	высокая цена
2009	1200000	1.8	152	бензин	робот	передний	242000	нормальная цена
2013	1537000	3.6	260	бензин	робот	4WD	209328	нормальная цена
2002	600000	2.5	155	дизель	механика	передний	344931	нормальная цена
2013	1719000	2.0	200	бензин	робот	передний	135000	нормальная цена
2010	1450000	3.6	260	бензин	робот	4WD	280000	нормальная цена
2016	1770000	1.8	180	бензин	робот	передний	139839	нормальная цена
2018	2960000	1.4	150	бензин	робот	передний	24313	нормальная цена
2003	535000	2.8	193	бензин	автомат	передний	500000	Unknown
2010	899999	1.8	152	бензин	робот	передний	302000	нормальная цена
2010	620000	1.8	152	бензин	автомат	передний	280211	Unknown
2007	780000	1.8	150	бензин	автомат	передний	192000	нормальная цена
2010	1250000	1.8	152	бензин	робот	передний	228000	высокая цена
2009	750000	1.8	152	бензин	робот	передний	340000	Unknown
2009	1100000	1.8	152	бензин	робот	передний	230000	нормальная цена
2013	1300000	1.8	152	бензин	робот	передний	300000	нормальная цена
2012	1100000	1.8	152	бензин	автомат	передний	243000	нормальная цена
2013	1199000	1.8	152	бензин	робот	передний	250160	нормальная цена
2013	999000	1.8	152	бензин	автомат	передний	138362	отличная цена
2014	1369000	1.8	160	бензин	механика	4WD	249350	Unknown
2011	1230000	1.8	152	бензин	робот	передний	240000	Unknown
2009	900000	1.8	152	бензин	робот	передний	191000	Unknown
2006	500000	1.8	150	бензин	механика	передний	322000	нормальная цена
2013	1200000	1.8	152	бензин	робот	передний	206000	нормальная цена
2018	1979000	1.4	150	бензин	робот	передний	97000	хорошая цена
2013	1128000	1.8	152	бензин	автомат	передний	254000	нормальная цена
2010	1090000	1.8	152	бензин	робот	передний	247000	нормальная цена
2016	2240000	1.8	180	бензин	робот	передний	168726	нормальная цена
2017	1850000	1.6	120	дизель	механика	передний	193000	нормальная цена
2013	1550000	2.0	140	дизель	робот	передний	222000	нормальная цена
2018	2199000	1.8	180	бензин	робот	передний	147000	нормальная цена
2012	560000	1.8	152	бензин	механика	передний	216400	Unknown
2013	1545000	2.0	200	бензин	робот	передний	233000	нормальная цена
2018	2839000	1.8	180	бензин	робот	передний	48186	нормальная цена
2013	1490000	2.0	200	бензин	робот	передний	233000	нормальная цена
2011	1125000	1.8	152	бензин	механика	передний	220581	нормальная цена
2013	1500000	2.0	200	бензин	робот	передний	216000	нормальная цена
2024	3609000	1.4	150	бензин	робот	передний	58	нормальная цена
2011	1150000	1.8	152	бензин	автомат	передний	280000	нормальная цена
2016	3000000	2.0	280	бензин	робот	4WD	142000	нормальная цена
2010	1085000	1.8	152	бензин	робот	передний	216606	нормальная цена
2008	1200000	1.8	160	бензин	механика	передний	160618	нормальная цена
2012	850000	1.8	152	бензин	автомат	передний	194646	отличная цена
2012	1440000	2.0	200	бензин	робот	передний	225000	высокая цена
2013	1399000	1.8	152	бензин	автомат	передний	250887	нормальная цена
2009	832912	1.8	152	бензин	робот	передний	248099	нормальная цена
2009	899000	1.8	152	бензин	робот	передний	173916	хорошая цена
2010	850000	1.8	152	бензин	робот	передний	175325	хорошая цена
2013	1399000	1.8	152	бензин	автомат	передний	250887	нормальная цена
2006	710000	1.8	150	бензин	автомат	передний	295000	нормальная цена
2012	818000	1.8	152	бензин	автомат	передний	362250	хорошая цена
2017	2260000	1.8	180	бензин	робот	передний	138885	Unknown
2013	1180000	1.8	152	бензин	робот	передний	164000	Unknown
2010	750000	1.8	152	бензин	робот	передний	230000	Unknown
2011	1120000	1.8	152	бензин	робот	передний	198000	нормальная цена
2018	1999000	1.4	150	бензин	робот	передний	124000	нормальная цена
2013	1780000	2.0	200	бензин	робот	передний	176000	нормальная цена
2015	1809777	1.4	150	бензин	робот	передний	113557	нормальная цена
2011	1068000	1.6	105	дизель	механика	передний	298000	Unknown
2002	650000	1.8	150	бензин	механика	передний	330000	Unknown
2013	1300000	2.0	200	бензин	робот	передний	212000	Unknown
2018	1935000	1.4	150	бензин	робот	передний	120000	хорошая цена
2010	900000	1.8	152	бензин	робот	передний	188900	хорошая цена
2014	1010000	1.8	152	бензин	робот	передний	168000	Unknown
2007	430000	1.8	150	бензин	механика	передний	221840	отличная цена
2017	2439000	1.8	180	бензин	робот	передний	77369	нормальная цена
2021	2879000	2.0	190	бензин	робот	передний	60011	хорошая цена
2007	1180000	1.8	150	бензин	автомат	передний	137000	нормальная цена
2021	2759000	1.4	150	бензин	робот	передний	89780	нормальная цена
2021	2650000	1.4	150	бензин	робот	передний	103656	нормальная цена
2011	930000	1.8	152	бензин	робот	передний	228000	хорошая цена
2014	1390000	1.8	152	бензин	робот	передний	230000	нормальная цена
2013	1809000	1.8	152	бензин	робот	передний	297000	высокая цена
2016	3750000	2.0	280	бензин	робот	4WD	99400	нормальная цена
2019	2475000	2.0	272	бензин	робот	4WD	160000	Unknown
2016	2100000	2.0	220	бензин	робот	передний	200000	нормальная цена
2023	4050000	2.0	186	бензин	робот	передний	6134	нормальная цена
2019	2250000	1.4	150	бензин	робот	передний	155899	нормальная цена
2019	2690000	1.4	150	бензин	робот	передний	59160	нормальная цена
2016	1640000	1.4	150	бензин	робот	передний	172000	Unknown
2010	1180000	1.8	152	бензин	робот	передний	210000	нормальная цена
2014	1685000	2.0	140	дизель	робот	передний	110900	нормальная цена
2016	2200000	1.4	150	бензин	механика	передний	135000	нормальная цена
2010	850000	2.0	140	дизель	робот	передний	370670	нормальная цена
2014	1350000	1.8	152	бензин	робот	передний	250000	Unknown
